游戏,1933
玩,1355
服务器,1191
说,777
模式,775
差评,754
垃圾,747
真的,677
2K,668
没,612
MC,597
买,584
投篮,527
17,517
2k,509
比赛,468
一代,452
想,450
玩家,437
体验,432
剧情,422
球员,421
感觉,416
连不上,411
会,368
做,359
电脑,343
VC,329
优化,318
18,307
mc,295
难度,287
队友,275
太,272
三分,270
差,265
很多,259
动作,254
空位,249
卡,243
 ,237
网络,235
连接,234
里,233
一点,231
能力,231
希望,228
加速器,226
更,209
AI,206
中,206
人物,202
进,199
防守,197
生涯,197
时间,197
小时,197
逼,189
球,187
钱,184
上篮,182
盗版,182
不错,179
氪金,177
失望,175
不了,175
完,174
退款,167
命中率,164
更新,163
第一次,162
只能,162
2K18,157
正版,155
画面,154
跳过,153
这代,153
篮球,153
球队,153
系统,150
点,149
分,149
对面,145
条,144
开,143
训练,142
突破,141
中国,141
NBA,141
社区,140
公园,140
喜欢,139
bug,136
情况,135
裸连,135
不进,133
不好,132
好评,132
高,132
掉,131
简直,130
确实,128
不上,124
妈,122
每次,121
vc,119
恶心,119
流畅,119
动画,119
丑,118
BUG,118
2k18,118
操作,117
东西,117
发现,116
联网,116
傻,115
真实,115
一场,114
不想,114
刷,113
跑,113
公司,113
名人堂,113
实在,111
屎,107
加载,106
单机,106
吃,105
投,105
不行,105
系列,104
挡,104
出,102
内线,102
特别,102
运球,100
16,100
画质,100
真,99
2K17,98
掉线,98
挺,97
徽章,97
10,97
解决,97
犯规,96
地方,96
手柄,95
手感,94
极差,93
速度,92
拆,91
值,91
女朋友,91
卡死,91
新,90
分钟,90
评价,89
升级,89
瓜皮,89
TM,88
进去,87
女友,87
没法,87
60,87
越来越,86
提升,86
建模,86
不推荐,86
前,84
不到,84
卡卡,83
玩个,83
压力,83
难,83
改进,83
闪退,82
几个,82
设置,82
版,82
慢,81
缺点,81
期待,81
中锋,80
反正,80
好玩,80
帧,79
甜心,78
对手,78
30,77
好好,77
找,77
脸,77
MT,76
花,74
建议,74
传球,74
篮板,74
总体,73
2k17,73
扣篮,73
评论,73
居然,73
库里,73
优点,72
挂,72
老子,72
购买,72
烂,72
一年,71
抢断,71
本来,71
入正,71
朋友,70
出手,70
live,70
选择,70
20,69
尼玛,69
延迟,69
时,69
这是,69
加,69
快,68
吞,68
战术,68
搞,68
键盘,68
PC,68
充钱,68
支持,67
卡顿,67
版本,67
死,66
配置,66
推荐,66
毕竟,65
年,65
有时候,65
裸,65
线上,64
充值,64
没什么,63
о,63
弄,63
设定,62
照片,62
跳,62
一款,62
不少,62
相比,61
进攻,61
换,61
莫名其妙,61
老,61
经理,61
两个,61
模型,61
显卡,61
职业,61
属性,61
85,60
入手,60
细节,60
几代,60
鬼,60
毫无,59
一句,59
吐槽,59
干扰,59
过场,59
上网,59
90,58
写,58
修复,58
а,58
199,58
坑,58
刚,58
赛季,58
半天,58
真心,58
改,58
增加,57
入,57
设计,57
角色,57
告诉,57
随便,56
球场,56
链接,55
提高,55
忍,55
快速,55
完美,55
影响,55
打铁,55
预购,54
简单,54
nba,54
槽,54
评测,54
长,53
捏,53
tm,53
感受,53
结束,53
内容,53
稳定,53
补丁,53
联机,52
草拟,52
难受,52
区别,52
终于,52
无限,52
街头,52
投不进,51
很大,51
变得,51
至少,51
永远,50
吐,50
辣鸡,50
80,50
原因,49
王朝,49
е,49
秒,49
得分,48
70,48
花钱,48
少,48
爆炸,48
罚球,48
算,47
р,47
看着,47
唯一,47
走,47
面补,47
15,47
请,47
改变,47
PS4,47
身体,47
狗,47
ai,47
游戏性,47
评分,46
退,46
抢,46
低,46
载入,46
卡住,45
т,45
不用,45
全是,45
款,45
勇士,45
年货,45
先,45
依然,44
大概,44
估计,44
友好,44
感,44
场,44
辛辛苦苦,44
舒服,44
玩过,44
进球,43
不充,43
花钱买,43
在线,43
下载,43
最差,43
后卫,43
第一个,43
倒,43
衣服,43
还好,43
打个,43
传奇,43
弱智,42
贼,42
重装系统,42
无脑,42
大头,42
读取,42
邻里,42
и,42
好多,42
篮下,41
没用,41
超级,41
一把,41
多年,41
50,41
显示,41
导致,41
更好,41
打球,41
值得,41
网游,40
steam,40
基本上,40
手,40
第一,40
号,40
想要,40
明明,40
那种,40
强行,40
明年,39
扣,39
带,39
接受,39
依旧,39
玩起来,39
难道,39
这款,39
后悔,39
作品,39
快攻,38
pc,38
暂时,38
难看,38
加速,38
竟然,38
线,38
行,38
办法,38
100,38
健身房,38
数据,38
太差,38
I,37
н,37
不再,37
结算,37
玩游戏,37
mt,37
无聊,37
全明星,37
现实,37
有人,37
强,37
盖帽,37
档,37
赢,37
国内,37
99,36
效果,36
是因为,36
主角,36
整体,36
界面,36
糟糕,36
玩意,36
欧文,36
方法,36
浪费,36
失误,36
疯狂,36
诚意,36
慢慢,36
不让,36
每场,35
用心,35
扫脸,35
选,35
VPN,35
新秀,35
说实话,35
存档,35
封,35
历史,35
越做越,35
服,35
默认,35
玩到,35
智障,35
全,35
习惯,34
变化,34
做好,34
单机游戏,34
次,34
进不去,34
200,34
一堆,34
一部,34
命中,34
运行,34
空气,34
买个,34
浪费时间,34
中投,34
智商,34
位置,34
金币,34
比例,34
调,34
氪,33
官方,33
成,33
稍微,33
怀疑,33
game,33
去年,33
肯定,33
不得不,33
消失,33
电信,33
名单,33
模糊,33
好看,32
差不多,32
上场,32
变,32
图片,32
受不了,32
话,32
砸,32
玩玩,32
科比,32
好像,32
比起,31
送,31
肝,31
做成,31
他妈的,31
街球,31
要死,31
教练,31
乐趣,31
改善,31
地图,31
脸上,31
....,31
机制,31
阵容,31
掉球,31
事情,30
C,30
外线,30
卖,30
面部,30
总评,30
в,30
改动,30
渣,30
无敌,30
理解,30
取消,30
发型,30
с,30
站,30
进不了,30
震动,29
正,29
联盟,29
意义,29
厉害,29
一会,29
к,29
..,29
不卡,29
接球,29
对抗,29
判定,29
够,29
调整,29
懂,29
EA,29
队,29
de,29
节奏,28
输,28
几天,28
制作,28
12,28
功能,28
加上,28
天天,28
几次,28
LIVE,28
很差,28
还会,28
一作,27
麻痹,27
相,27
连续,27
一半,27
球星,27
事,27
太慢,27
起码,27
打开,27
大部分,27
动不动,27
街区,27
重装,27
特效,27
好不容易,27
宣传,27
赚,27
算是,27
巨星,27
牛,27
40,27
防,26
\,26
明白,26
最低,26
心态,26
破,26
党,26
重复,26
娃娃,26
再也,26
控卫,26
明星,26
改成,26
领先,26
久,26
喷,26
人生,26
头,26
修改,26
游玩,26
选项,26
创新,26
数,26
响应,26
毛病,26
赚钱,26
试,26
很难,26
比上,26
日,26
la,25
更是,25
见,25
从来,25
这一作,25
我要,25
代入,25
超过,25
币,25
墙,25
太多,25
开心,25
无语,25
一局,25
像是,25
满,25
外挂,25
巅峰,25
技术,25
满意,25
醉,24
算了,24
不说,24
切换,24
对话,24
神仙,24
补防,24
梦幻,24
读条,24
晚上,24
湖人,24
我方,24
经验,24
解释,24
物理,24
奖励,24
首发,24
黑屏,24
不算,24
碰,24
有意思,24
SG,24
可玩性,24
月,24
队伍,24
ps4,24
女,24
商店,24
解锁,24
气,24
贴图,23
死机,23
有没有,23
辉煌,23
试试,23
s,23
准,23
包括,23
极其,23
.....,23
点心,23
重视,23
不合理,23
初始,23
麻烦,23
骑士,23
2k9,23
碰撞,23
爆,23
哈登,23
惊喜,23
网,23
水平,23
听,23
特,23
过程,23
一遍,23
情怀,23
玩法,23
国服,23
4b538e50,23
模拟,23
三,23
心情,23
吃屎,23
成功,23
型,23
个个,23
千万,23
圈钱,23
点数,23
错误,23
不爽,23
米,23
对战,23
我特,23
颜射,22
д,22
端,22
丢,22
¯,22
反馈,22
乔丹,22
崩溃,22
脑残,22
退步,22
强制,22
失败,22
样子,22
升到,22
升,22
求,22
500,22
降低,22
放,22
家里,22
主机,22
特么,22
到底,22
太丑,22
MMP,22
让玩家,22
技能,22
千万别,22
b,22
偶尔,22
前锋,22
路,22
想着,22
不停,22
л,22
纹身,21
菜,21
合同,21
NBA2K,21
场均,21
非,21
麦迪,21
爱,21
选秀,21
机会,21
接触,21
看起来,21
我能,21
来看,21
换个,21
时机,21
ь,21
瞎,21
包夹,21
vpn,21
网络连接,21
看不到,21
断球,21
威震,21
高难度,21
前期,21
扔,21
赶紧,21
空间,21
球鞋,21
总,21
拿到,21
打算,21
身高,21
新手,20
篮筐,20
测评,20
态度,20
亚裔,20
狗屎,20
做出,20
连上,20
开发,20
删,20
开放,20
再见,20
果断,20
集显,20
度,20
经纪人,20
1060,20
环境,20
为啥,20
1000,20
兄弟,20
操,20
建,20
干嘛,20
自动,20
好歹,20
控球,20
干什么,20
大妈,20
视频,20
i,20
锻炼,20
菜单,20
提示,20
碰到,20
问,20
关系,19
轻松,19
网上,19
PS,19
宽带,19
п,19
鸡,19
19,19
最烂,19
吹,19
扫,19
投手,19
玩儿,19
没想到,19
DJ,19
我用,19
卡成,19
按键,19
前作,19
固定,19
未,19
非要,19
提,19
听说,19
市场,19
太难,19
也许,19
离线,19
断,19
怕,19
发售,19
半场,19
落后,19
场景,19
关键,19
疯,19
老是,19
回来,19
风格,19
半个,19
11,18
SB,18
篮,18
表现,18
腾讯,18
助攻,18
代言,18
可怜,18
2K9,18
´,18
不玩,18
有趣,18
质量,18
两天,18
远,18
交易,18
投进,18
身材,18
马上,18
t,18
敢,18
有个,18
奇怪,18
传,18
世界,18
у,18
粉丝,18
退出,18
虐,18
控制,18
令人,18
找到,18
不买,18
万,18
奥尼尔,18
绝望,18
保存,18
骗钱,17
第三,17
后续,17
几把,17
开个,17
无力,17
替补,17
声音,17
越,17
个人感觉,17
300,17
卡到,17
一批,17
神,17
亚洲,17
м,17
球迷,17
自创,17
错误代码,17
多人,17
一如既往,17
烦,17
没见,17
猪,17
大赛,17
duang,17
歧视,17
抱,17
发生,17
TMD,17
一节,17
上空,17
季后赛,17
申请,17
伸手,17
现象,17
跳投,17
很烦,17
é,17
回,17
别买,17
键,17
杜兰特,17
滑步,17
人人,17
大神,17
这作,17
2K16,17
一卡,17
买来,17
语,17
火箭,17
互动,17
女主角,17
独显,17
干脆,16
怪,16
方式,16
早,16
倒闭,16
上线,16
一种,16
删除,16
好友,16
三分球,16
几年,16
街道,16
底角,16
艹,16
顺便,16
脑子,16
差到,16
一步,16
参考,16
良心,16
请问,16
开场,16
PG,16
360,16
场上,16
用户,16
越大,16
接近,16
身边,16
眼睛,16
底线,16
勉强,16
比前,16
禁区,16
代,16
背,16
等待,16
带来,16
线下,16
拖,16
测试,16
吸引,16
美国,16
期望,16
几率,16
黄金版,16
STEAM,16
瞬间,16
三个,16
裁判,16
体育,16
2k14,16
г,16
好不好,16
校园网,16
疼,16
不太,16
引擎,16
伤,16
块,16
全程,16
顺畅,15
老哥,15
一家独大,15
暂停,15
上代,15
联通,15
一条,15
制作组,15
保罗,15
爽,15
对位,15
换防,15
反超,15
完善,15
回家,15
OK,15
提前,15
封号,15
詹姆斯,15
sb,15
UU,15
粉,15
尽快,15
累,15
讲,15
2K19,15
贴,15
з,15
差劲,15
气死,15
亮点,15
MG,15
蛮,15
水军,15
组织,15
死活,15
一点点,15
挑战,15
放弃,15
修改器,15
顶,15
发布,15
说好,15
手动,15
努力,15
频繁,15
操蛋,15
作,15
没点,15
SF,15
我开,15
墨迹,15
臂展,15
受伤,15
设计师,15
干,15
好点,15
这么久,15
半成品,15
玩意儿,15
距离,15
过分,15
一看,15
不动,15
骗,15
一段时间,15
先说,15
一群,15
大陆,15
di,15
谢谢,15
分辨率,14
冲击,14
好久,14
大佬,14
很烂,14
视角,14
账号,14
背身,14
一个个,14
翻译,14
c,14
play,14
忍受,14
尝试,14
刷刷,14
不像,14
穿,14
突,14
卡位,14
搞笑,14
位,14
2k16,14
进度,14
享受,14
历代,14
代理,14
纯粹,14
竞争,14
倾向,14
心累,14
退钱,14
鸡儿,14
耐心,14
只会,14
街上,14
自由,14
配合,14
刷vc,14
100M,14
当年,14
很棒,14
不多,14
体会,14
更衣室,14
怎么回事,14
拖沓,14
原地,14
加满,14
生气,14
下一代,14
程度,14
再次,14
没买,14
国外,14
变强,14
不住,14
几场,14
服气,14
飞,14
平衡,14
祝,14
协调,14
身上,14
JB,14
CNM,14
时代,14
差别,14
外,14
脑袋,14
两次,14
试过,14
N,13
废话,13
server,13
逗我,13
傻子,13
头发,13
单打,13
几点,13
毫无诚意,13
穿模,13
体力,13
不怎么,13
同学,13
完整,13
一大堆,13
尊重,13
故意,13
必进,13
干拔,13
黑,13
键位,13
游戏吧,13
无论是,13
不思进取,13
剩下,13
本作,13
价格,13
太高,13
说真的,13
拿球,13
ps,13
只想,13
坨,13
恶意,13
回去,13
一张,13
昨天,13
面对,13
劝,13
1070,13
熟悉,13
蛋疼,13
相当于,13
数值,13
理发店,13
鸡肋,13
卵用,13
13,13
立马,13
勇士队,13
将近,13
隔壁,13
乱,13
一会儿,13
状态,13
理由,13
55,13
想法,13
86,13
挺好玩,13
之外,13
打篮球,13
不好玩,13
я,13
主,13
中国区,13
两,13
经典,13
字,13
假,13
想象,13
懒得,13
无人,13
14,13
获取,13
不好意思,13
故事,13
下场,13
之间,13
24,13
菜鸟,13
GTA,13
几分钟,13
笑,13
滚,12
中距离,12
拉,12
主玩,12
细致,12
新意,12
必,12
无解,12
ы,12
い,12
大爷,12
无比,12
就行了,12
爸爸,12
笔记本,12
关,12
多个,12
电脑配置,12
消费,12
匹配,12
太大,12
枯燥,12
套路,12
自定义,12
过人,12
机智,12
内存,12
面前,12
贵,12
A,12
记得,12
б,12
上限,12
还行,12
运动,12
真实性,12
前场,12
全家,12
第四节,12
总决赛,12
断线,12
BB,12
音乐,12
工资,12
组,12
几百,12
快点,12
跳出,12
抱怨,12
下降,12
讲道理,12
球衣,12
类似,12
块钱,12
太太,12
选个,12
女主,12
撞,12
送给,12
装,12
转身,12
开档,12
i7,12
是从,12
live18,12
加点,12
一坨,12
三次,12
很少,12
街,12
..........,12
动,12
400,12
No,12
敷衍,12
触发,12
射手,12
冲着,12
育碧,12
化,12
ー,12
破解版,12
忠实,12
反,12
乱七八糟,12
赛后,12
长得,12
代码,12
恐怖,12
做个,12
第二个,12
骑,12
打完,12
漏人,12
回到,12
可惜,12
全场,12
帮,12
登陆,12
至极,11
星期,11
蛋,11
登录,11
以往,11
拜托,11
good,11
被断,11
不去,11
很慢,11
预览,11
天,11
一大,11
Live,11
buy,11
加油,11
佳得乐,11
大作,11
新鲜感,11
追,11
减少,11
空心,11
爹,11
开挂,11
跑步,11
800,11
观众,11
愉快,11
基础,11
承认,11
游戏卡,11
退货,11
帽,11
😂,11
眼神,11
迟早,11
臭,11
可有可无,11
进度条,11
成长,11
涨,11
な,11
困难,11
提到,11
差距,11
概率,11
想到,11
の,11
很卡,11
转会,11
审美,11
周琦,11
敌人,11
改了,11
打法,11
废,11
他妈,11
每代,11
早日,11
花式,11
名宿,11
不谢,11
双,11
后期,11
自由度,11
速度慢,11
炸,11
所有人,11
.......,11
妈个,11
就别,11
等级,11
土豆,11
还给,11
Mc,11
快乐,11
适合,11
다,11
敌方,11
辛苦,11
战绩,11
图,11
几作,11
汤普森,11
急,11
mmp,11
不见,11
自建,11
协防,11
P,11
平台,11
无缘无故,11
素质,11
无奈,11
大众,11
不谈,11
参数,11
貌似,11
要球,11
手机,11
造,11
一部分,11
两年,11
老板,11
接,11
转,11
莫名,11
不准,11
马赛克,11
人类,11
级,11
唰,10
养成,10
宣传片,10
直连,10
小球,10
读盘,10
元,10
逛,10
观望,10
等于,10
扫描,10
08,10
第一天,10
带球,10
或许,10
错,10
就让,10
网速,10
创意,10
包,10
咯,10
抹,10
一个月,10
核心,10
评级,10
二,10
下个,10
n,10
要命,10
短信,10
逼真,10
pay,10
板,10
切入,10
て,10
赛场,10
操控,10
文件,10
野,10
最新,10
不知,10
win10,10
mode,10
局,10
内购,10
第四,10
多分,10
一名,10
球馆,10
不要脸,10
极度,10
は,10
mg,10
废物,10
打折,10
家,10
两场,10
2K15,10
多半,10
平时,10
毁,10
盖,10
挺不错,10
这部,10
推出,10
健身,10
想想,10
我会,10
2k19,10
重启,10
全都,10
没钱,10
无球,10
断开连接,10
真不知道,10
一进,10
拍卖行,10
指示,10
开头,10
灌篮,10
级别,10
起跳,10
黄金,10
再也不会,10
条改,10
原本,10
成功率,10
短,10
光纤,10
对不起,10
客观,10
跟不上,10
屁,10
600,10
推,10
再入,10
又臭又长,10
愚蠢,10
聪明,10
利用,10
自然,10
联赛,10
道理,10
赛前,10
只不过,10
手上,10
从来不,10
给出,10
真想,9
补充,9
过后,9
蓝,9
平衡性,9
3DM,9
本质,9
要钱,9
兆,9
变态,9
电影,9
剩,9
固态,9
史上,9
例子,9
不堪,9
难进,9
要说,9
X,9
小游戏,9
不用说,9
呼叫,9
太小,9
手里,9
cnm,9
威尔斯,9
T,9
很快,9
白打,9
免费,9
看一遍,9
搬,9
一波,9
提醒,9
草,9
图样,9
改改,9
崩,9
K,9
国产,9
细腻,9
拍,9
2k15,9
团队,9
生活,9
经历,9
日常,9
哨,9
玩线,9
对得起,9
坑钱,9
运气,9
沙盒,9
nie,9
多钱,9
漂亮,9
亏,9
十几个,9
直观,9
全新,9
球场上,9
一系列,9
练,9
劳资,9
智能,9
DNS,9
真实感,9
多久,9
概念,9
状况,9
投射,9
公平,9
PF,9
千篇一律,9
冗长,9
感情,9
体系,9
较大,9
太卡,9
NBA2K18,9
泥人,9
发展,9
感人,9
玩得,9
频率,9
太烂,9
自行车,9
诟病,9
我忍,9
哈哈哈,9
表情,9
2K14,9
惨不忍睹,9
走路,9
空接,9
隔,9
封面,9
客服,9
ч,9
数量,9
体毛,9
我菜,9
吊打,9
发,9
新颖,9
实际上,9
第一场,9
可怕,9
loading,9
第一年,9
百分之,9
棒,9
辣,9
添加,9
money,9
死忠,9
保证,9
真人,9
有待,9
耍,9
缓慢,9
year,9
扑,9
20M,9
21,9
白,9
根本无法,9
换汤不换药,9
难赚,9
NS,9
人民币,9
勋章,9
坏,9
批评,9
跟风,9
持球,9
功夫,9
65,9
尴尬,9
绝杀,9
信息,9
我花,9
迷,9
无所谓,9
停,9
player,9
第二天,9
忍不住,9
热爱,9
没个,9
尿性,9
太假,9
蠢,9
特意,9
刚刚,9
线外,9
区,9
脸部,9
三双,9
开发商,9
服務器,9
坑爹,9
Steam,9
发行,9
笑话,9
照样,9
假动作,9
嗨,9
2K8,8
下午,8
太少,8
读,8
编辑,8
哭,8
买到,8
指望,8
射,8
吞掉,8
抛开,8
三秒,8
花费,8
卡掉,8
走过,8
卸载,8
time,8
蜜汁,8
据说,8
解决不了,8
改差评,8
不敢恭维,8
屏幕,8
最终,8
两步,8
煞笔,8
登上,8
铁,8
加大,8
眼前一亮,8
空篮,8
僵硬,8
这球,8
win,8
后场,8
第二次,8
白银,8
论坛,8
能进,8
溜冰,8
地板,8
u,8
硬,8
挑,8
仿佛,8
主打,8
online,8
重打,8
心,8
身形,8
en,8
发球,8
教程,8
й,8
累死,8
巨卡,8
好意思,8
el,8
要点,8
鸡巴,8
学生,8
一塌糊涂,8
受,8
签约,8
占,8
硬盘,8
忍无可忍,8
膨胀,8
87,8
ma,8
后仰,8
更差,8
过于,8
轻微,8
一模一样,8
品质,8
打打,8
封盖,8
57,8
森林狼,8
橘子,8
国行,8
脚步,8
胳膊,8
出个,8
驱动,8
托马斯,8
端的,8
骂,8
리,8
时不时,8
尬,8
毛线,8
神奇,8
夺冠,8
nicht,8
重点,8
说话,8
用脚,8
pas,8
阉割,8
各种各样,8
开着,8
场场,8
幻灯片,8
跑来跑去,8
不出,8
只能靠,8
体现,8
走心,8
操作性,8
油,8
買,8
弱,8
比分,8
住,8
长时间,8
新人,8
多代,8
姚明,8
力量,8
式,8
无数次,8
马刺,8
白边,8
没意思,8
最强,8
怀念,8
新鲜,8
削弱,8
早上,8
黄油,8
最佳阵容,8
直视,8
ę,8
比不上,8
16G,8
队员,8
几十个,8
元素,8
投球,8
优秀,8
策略,8
我家,8
更改,8
起步,8
分卫,8
均,8
光影,8
太坑,8
网友,8
吊,8
d,8
漏防,8
小伙伴,8
前提,8
产品,8
混,8
接下来,8
终极,8
全队,8
人性化,8
作弊,8
费劲,8
初期,8
百度,8
毛,8
滑冰,8
没入,8
足够,8
赶工,8
优势,8
急停,8
第一款,8
加个,8
一段,8
先不说,8
多大,8
拉开,8
出界,8
打手,8
更为,8
shi,8
页面,8
GS,8
单纯,8
意见,8
一到,8
右摇杆,8
绿,8
繁琐,8
很爽,8
先给,8
MB,8
种族歧视,8
拥有,8
创建,8
74,8
补偿,7
20W,7
妹子,7
科学,7
店,7
è,7
充了,7
震撼,7
工作,7
放在,7
万年,7
号位,7
不开,7
矮,7
总冠军,7
三遍,7
德拉,7
丑到,7
贴身,7
五分钟,7
担心,7
相较,7
总有,7
看不见,7
来到,7
正式,7
处处,7
偏,7
消息,7
登不上,7
45,7
ü,7
在我看来,7
周,7
传给,7
格林,7
刚才,7
打出,7
gta,7
The,7
一笔,7
卡包,7
威少,7
捞钱,7
不起,7
好些,7
il,7
信仰,7
心疼,7
回防,7
This,7
最少,7
这方面,7
好感,7
看过,7
不值,7
拜拜,7
波神,7
挤牙膏,7
每周,7
漂移,7
重,7
黑哨,7
掩护,7
失望透顶,7
神射手,7
来回,7
合约,7
满分,7
上市,7
两米,7
回归,7
受害者,7
无疑,7
2017,7
争霸赛,7
很长,7
镜头,7
tmd,7
篮圈,7
体型,7
青铜,7
相关,7
时刻,7
税,7
崛起,7
近,7
调节,7
安排,7
无非,7
摸,7
多一点,7
次数,7
鞋子,7
犹豫,7
锁,7
一碰,7
show,7
圈,7
心中,7
小学生,7
四个,7
加成,7
冠军,7
大哥,7
俩,7
脚下,7
刷钱,7
09,7
忘,7
空中,7
为所欲为,7
稀烂,7
我玩个,7
官网,7
可言,7
抱歉,7
众多,7
显得,7
训练馆,7
丑化,7
快进,7
屌,7
没人,7
如果说,7
成就感,7
忽略,7
增强,7
搞不懂,7
相对来说,7
跑动,7
痛苦,7
其他人,7
人均,7
计算,7
差点,7
百分百,7
架,7
我错,7
满满的,7
共享,7
姿势,7
声明,7
UI,7
头大,7
と,7
继承,7
分位,7
没玩过,7
天赋,7
一秒,7
S,7
粗糙,7
仁者见仁,7
试一试,7
类型,7
草泥马,7
到处,7
ą,7
杨,7
还算,7
室友,7
75,7
空,7
投都,7
国区,7
雷霆,7
名字,7
う,7
G,7
接到,7
关闭,7
滑,7
人设,7
纯,7
难玩,7
正面,7
卧槽,7
直播,7
下次,7
布布,7
购入,7
罚,7
硬是,7
sports,7
一圈,7
无线,7
网易,7
夸张,7
真他妈,7
忽悠,7
实力,7
　,7
见到,7
很丑,7
谨慎,7
勾手,7
秀,7
刺激,7
进一步,7
敢不敢,7
工作人员,7
招牌,7
efeab30c,7
模板,7
满心,7
企鹅,7
统计,7
早点,7
中文,7
天际,7
好坏,7
我选,7
哥,7
贴近,7
无数,7
样,7
买断,7
三星,7
解,7
太渣,7
何必,7
老大,7
说法,7
爵士,7
正确,7
愣,7
前代,7
开发者,7
有用,7
根本就是,7
流畅性,7
身后,7
不管怎么,7
算法,7
次次,7
查看,7
烦人,7
有毒,7
打到,7
补票,7
飘,7
我服,7
角度,7
类,7
不太好,7
学习,7
D,7
到位,7
令,7
没事,7
green,7
快感,7
尼克,7
头像,7
M,7
一味,7
背后,7
负,7
打得,7
强队,7
无关,7
7700,7
dj,7
锤子,7
刚买,7
消费者,7
还吞,7
补,7
什么游戏,7
启动,7
狗屁,7
恩,7
组队,7
满怀,7
吓人,7
玩完,7
追求,7
方向,7
你家,7
追不上,7
护具,7
don,7
过长,7
我刚,7
讨厌,7
跟上,7
战斗机,7
预期,7
新建,7
每节,7
der,7
极,7
注重,7
超,7
凌晨,7
I7,7
に,7
不小,7
最佳,7
之作,7
网吧,7
称霸,7
强烈建议,7
赞,7
可笑,7
谜一样,7
哒,7
感到,7
跟着,7
硬件,7
别想,7
卡得,6
一贯,6
空蓝,6
感动,6
大法,6
广场,6
场馆,6
小前,6
成绩,6
玩吧,6
错觉,6
太低,6
经常性,6
逼样,6
马,6
交互,6
极限,6
忘记,6
几百块,6
jb,6
五场,6
空挡,6
一回,6
纠结,6
2K13,6
le,6
逻辑,6
材质,6
1080,6
甩,6
研究,6
效率,6
光头,6
自带,6
幸运,6
目的,6
く,6
坑人,6
砍,6
上天,6
再花,6
愤怒,6
有史以来,6
一套,6
一分钟,6
条件,6
一打,6
带给,6
捡球,6
搞好,6
反击,6
打架,6
诡异,6
气得,6
2K10,6
经验值,6
嫌弃,6
挑战性,6
附体,6
没换,6
胡子,6
69,6
败笔,6
弄个,6
最多,6
700,6
刷新,6
震惊,6
以内,6
91,6
ć,6
遊戲,6
轮转,6
给你个,6
m,6
头上,6
比如说,6
同一个,6
人防,6
点满,6
房子,6
兴趣,6
识别,6
笔,6
值低,6
这特,6
失灵,6
坐,6
器材,6
献给,6
一块,6
48,6
或者说,6
变相,6
过段时间,6
加到,6
est,6
从没,6
看不起,6
极致,6
换下,6
软件,6
总得来说,6
长城,6
跟个,6
主场,6
照搬,6
试训,6
反对,6
不信,6
巨,6
w,6
高性能,6
真特,6
认,6
娘,6
一阵,6
小心,6
完蛋,6
独立,6
外星人,6
指数,6
.........,6
长相,6
我认,6
road,6
害,6
打过,6
运,6
评,6
炒冷饭,6
额,6
试一下,6
不讲理,6
剧本,6
汉化,6
才行,6
药丸,6
来讲,6
掩盖,6
晚,6
进个,6
拿下,6
见仁见智,6
转战,6
D版,6
丝毫,6
鬼畜,6
上手,6
掏,6
双人,6
十多分钟,6
身位,6
欲望,6
体重,6
uu,6
因人而异,6
打成,6
手打,6
探索,6
录音室,6
低于,6
东部,6
坐等,6
引导,6
艾弗森,6
调到,6
爽快,6
face,6
欺诈,6
0.5,6
叼,6
女人,6
憋屈,6
绿色,6
伤心,6
赤裸裸,6
기,6
参加,6
这破,6
穷,6
垄断,6
搞个,6
注册表,6
漏洞,6
跑位,6
解说,6
教训,6
稍,6
符合,6
出场,6
收益,6
度过,6
却是,6
空切,6
脏话,6
隔扣,6
收费,6
66,6
一跳,6
900,6
狂,6
CG,6
舍友,6
找个,6
微笑,6
事实,6
FIFA,6
沒,6
一说,6
价值,6
星,6
奉劝,6
npc,6
足球,6
一篇,6
不入,6
刚出,6
弱队,6
性,6
啥时候,6
换下去,6
이,6
放心,6
略,6
负面,6
公牛,6
安东尼,6
打线,6
laji,6
孤儿,6
堪比,6
下一场,6
变差,6
好几个,6
pg,6
无故,6
鹈鹕,6
手段,6
技巧,6
随意,6
浪,6
地点,6
专业,6
建立,6
进化,6
慎重,6
挺大,6
布莱恩,6
顶级,6
好太多,6
还特,6
玩耍,6
2018,6
第二场,6
一比,6
威胁,6
我人,6
试玩,6
值到,6
95,6
仔细,6
解决办法,6
原型,6
彩笔,6
追加,6
第一篇,6
肩宽,6
team,6
颜色,6
即时,6
主播,6
介绍,6
超越,6
老实,6
奇葩,6
ó,6
零,6
一件,6
求求,6
chinese,6
破坏,6
刚玩,6
打击,6
肤色,6
看似,6
熟练度,6
全开,6
信,6
一瞬间,6
账户,6
鼓励,6
糟心,6
抛弃,6
作用,6
远距离,6
à,6
我入,6
抬手,6
一匹,6
意识,6
率,6
안,6
尼克斯,6
全部都是,6
惊艳,6
弥补,6
最起码,6
连得,6
ś,6
こ,6
仅仅,6
NBA2K17,6
鼠标,6
非得,6
结论,6
不大,6
LBJ,6
保安,6
缘故,6
无端,6
摇杆,6
滑稽,6
南京,6
恢复,6
一脸,6
啰嗦,6
板凳,6
人员,6
读图,6
查,6
叫个,6
热火,6
十几,6
伦纳德,6
出彩,6
大多,6
儿子,6
现实生活,6
个人观点,6
两代,6
没错,6
总体而言,6
美滋滋,6
按到,6
微调,6
该不该,6
祝愿,6
33,6
随随便便,6
便宜,6
本场,6
切,6
学,6
THE,6
买点,6
所说,6
两分,6
ж,6
玩久,6
默默,6
北京,6
建筑,6
feel,6
啊啊啊,6
.............,6
玩腻,6
锅,6
体积,6
走上,6
有种,6
没连上,6
关心,6
cg,6
步,6
学校,6
赛,6
训练场,6
循环,6
过不去,6
满天飞,6
分开,6
第三节,6
卡屏,6
が,6
奇多,6
没关系,6
03,6
飞起,6
断过,5
完爆,5
绝地,5
逛街,5
偷懒,5
对阵,5
欣慰,5
挣,5
好吃懒做,5
破烂,5
还用,5
如潮,5
价钱,5
没多大,5
二加,5
打了个,5
理性,5
那点,5
辜负,5
服务,5
多多少少,5
无论如何,5
选手,5
力度,5
精力,5
节,5
转播,5
更强,5
脾气,5
沙米,5
雷阿伦,5
回复,5
流汗,5
人品,5
最棒,5
复杂化,5
没调,5
nmb,5
What,5
Server,5
虚假,5
每一作,5
塑造,5
渐渐,5
虐心,5
追分,5
好几分钟,5
FU,5
客场,5
回头,5
鸡毛,5
绝不,5
这辈子,5
整场,5
缺乏,5
动力,5
connect,5
哥们,5
外号,5
球能,5
检测,5
投不中,5
China,5
不亏,5
改为,5
小个子,5
土豪,5
依赖性,5
27,5
一顿,5
想吐槽,5
连连,5
停不下来,5
高手,5
外国,5
一眼,5
一般般,5
苛刻,5
16.17,5
k,5
第五,5
在场,5
文化,5
解决方案,5
四,5
666,5
抽风,5
喊,5
采访,5
抛投,5
不忍,5
极点,5
猩猩,5
中途,5
球风,5
看得,5
断开,5
一位,5
嫌,5
手残,5
队里,5
运营商,5
建档,5
新作,5
地区,5
误导,5
长进,5
唐斯,5
植入,5
虎,5
比较满意,5
大师,5
弹,5
休息,5
综评,5
数字,5
看重,5
bb,5
眉毛,5
未来,5
变革,5
当中,5
剪,5
NM,5
追帽,5
打爆,5
用尽,5
5000,5
拆后,5
全靠,5
西部,5
司马,5
时常,5
地狱,5
己方,5
高画质,5
天朝,5
播片,5
超慢,5
好丑,5
FXXK,5
刀,5
比较慢,5
城市,5
多样化,5
GM,5
玩上,5
레,5
多种,5
煞,5
一盘,5
没玩到,5
大洋,5
几十,5
舔,5
糊弄,5
机子,5
好事,5
796,5
屁股,5
全高,5
变高,5
安心,5
开新档,5
噱头,5
降,5
机械,5
连线,5
问问,5
形容,5
有限,5
门口,5
左边,5
小奇,5
发挥,5
项目,5
开发人员,5
不连贯,5
简体中文,5
不冲,5
上个,5
Why,5
太难受,5
没话说,5
削,5
野心,5
骑士队,5
横行,5
庆幸,5
多样,5
总算,5
创,5
造型,5
记住,5
单防,5
瑞秋,5
头疼,5
2k8,5
有钱,5
广告,5
磨磨,5
暴扣,5
看法,5
饱满,5
强化,5
players,5
轮换,5
加内特,5
一出,5
脖子,5
举个,5
放到,5
海豚,5
费钱,5
打造,5
GameNo,5
火箭队,5
GTX1080,5
瞬移,5
下过,5
合适,5
半年,5
澳洲,5
960m,5
强迫,5
ц,5
女性,5
能流畅,5
說,5
丢球,5
懂得,5
运营,5
竞争力,5
ん,5
题外话,5
88,5
giocare,5
身份,5
全球,5
安德森,5
偏向,5
陪,5
拉低,5
不服,5
调低,5
城镇,5
佩服,5
各種,5
惊,5
跑得快,5
一提,5
TX,5
标准版,5
会卡顿,5
缺陷,5
xxx,5
五个,5
光,5
l,5
带不动,5
弹出,5
放空,5
早退,5
字体,5
修,5
68,5
讨论,5
恶性,5
NB,5
打不开,5
目前为止,5
关注,5
も,5
经济,5
All,5
理发,5
序章,5
身,5
2k12,5
事件,5
黄种人,5
两分钟,5
英,5
我玩过,5
扎心,5
不高,5
闪,5
2KOL,5
平均,5
手臂,5
容忍,5
别玩,5
没掉,5
射程,5
三分之一,5
重做,5
巨慢,5
副,5
业余,5
live08,5
给予,5
慢动作,5
不下,5
有病,5
惊讶,5
随机,5
勿,5
LIVE18,5
ß,5
广州,5
偏偏,5
25,5
国人,5
韦德,5
大幅,5
看不出来,5
れ,5
不敢相信,5
卡通,5
boom,5
鞋,5
单独,5
回放,5
身为,5
手游,5
丑出,5
82,5
这篇,5
可玩,5
挡住,5
버,5
po,5
一米,5
进社区,5
960M,5
何在,5
折腾,5
寒心,5
脚,5
收税,5
走进,5
开打,5
整,5
打死,5
一度,5
NPC,5
量,5
老铁们,5
guys,5
更高,5
绿条,5
63,5
孙子,5
排队,5
无关紧要,5
分球,5
看不下去,5
传说,5
怼,5
低估,5
做不了,5
大于,5
一轮,5
800VC,5
擅长,5
凯尔特人,5
不差,5
实况,5
玩笑,5
摆设,5
两人,5
는,5
一不小心,5
贴脸,5
76,5
篮球迷,5
帽子,5
很强,5
粗制滥造,5
2k11,5
见面,5
经常出现,5
合作,5
不快,5
噩梦,5
偷,5
顿,5
唧唧,5
远离,5
太长,5
整天,5
培养,5
很久,5
一下子,5
评差,5
FWQ,5
0.8,5
出头,5
出色,5
换来,5
艰难,5
略有,5
FPS,5
改良,5
策划,5
擦,5
别扭,5
f,5
esc,5
抓狂,5
驴,5
上瘾,5
一身,5
篮网,5
没卵用,5
上班,5
旁边,5
巴恩斯,5
一无是处,5
侮辱,5
第一条,5
邀请,5
意味着,5
到处跑,5
を,5
우,5
无卡顿,5
回事,5
Ai,5
员工,5
强大,5
发誓,5
性格,5
残党,5
二次,5
丧失,5
说个,5
季奇,5
真棒,5
离开,5
耗费,5
改观,5
给钱,5
创造,5
不该,5
令人发指,5
昨晚,5
加时,5
1066,5
GG,5
..............,5
ea,5
서,5
盯,5
在乎,5
胜利,5
中规中矩,5
快要,5
자,5
德行,5
그,5
革新,5
局域网,5
wells,5
还原,5
处,5
票,5
破解,5
一律,5
表达,5
改正,5
过度,5
更烂,5
补篮,5
搞定,5
3dm,5
分割线,5
再进,5
2K11,5
RPG,5
屁话,5
残,5
修正,5
好难,5
我防,5
典型,5
刚进,5
基友,5
很小,5
突分,5
真实度,5
亲测,5
五,5
低级,5
浮夸,5
狗血,5
收,5
真是太,5
哪有,5
跪,5
50M,5
有太多,5
生平,5
吃力,5
之路,5
金州,5
超霸赛,5
聊,5
........,5
无趣,5
摸索,5
系统重装,5
WTF,5
暴雪,5
紫,5
玄学,5
描述,5
选到,5
必定,5
仅,5
一个打,5
ł,5
不足以,5
TO,4
笑点,4
不要紧,4
여,4
多差,4
凑合,4
巴克利,4
干净,4
玩多,4
思考,4
emmmm,4
光速,4
浓眉,4
视屏,4
性能,4
12M,4
实时,4
1V1,4
不喜,4
太过,4
暗暗,4
89,4
游戏币,4
不适,4
去死吧,4
PVP,4
满级,4
佩拉,4
预售,4
拼命,4
反思,4
吸金,4
化身,4
ui,4
嘲讽,4
趣味性,4
79,4
弧顶,4
点到,4
碾压,4
切出去,4
弄不好,4
面孔,4
网战,4
做做,4
114.114,4
太准,4
一个样,4
一口,4
第一步,4
看脸,4
不管是谁,4
眼里,4
.................,4
hard,4
僵尸,4
两三次,4
抢下,4
10W,4
一项,4
錢,4
ve,4
杀,4
小牛,4
巨差,4
考虑一下,4
不论是,4
瑕疵,4
公关,4
电信网,4
欲哭无泪,4
狗日,4
ce,4
有好有坏,4
两百,4
运着,4
棺材,4
bad,4
无尽,4
觉,4
当初,4
按绿,4
时期,4
basketball,4
ri,4
显示器,4
在家,4
回应,4
下班,4
划算,4
市面上,4
维护,4
层出不穷,4
两把,4
虐虐,4
太蠢,4
眼中,4
翻,4
目测,4
远投,4
压哨,4
外面,4
帖子,4
赶快,4
ル,4
选队,4
之内,4
有所改进,4
细,4
And,4
version,4
改回来,4
这回,4
越气,4
真让人,4
缺少,4
倒退,4
高中生,4
EXM,4
一辈子,4
令人恶心,4
我怕,4
搜索,4
半夜,4
3v3,4
勒,4
带球撞人,4
不送,4
さ,4
六分钟,4
职业生涯,4
灵活,4
重连,4
场外,4
躺,4
开阔,4
极高,4
没落,4
分给,4
一肚子火,4
男主,4
丑得,4
头部,4
る,4
海沃德,4
总经理,4
漫长,4
冲动,4
不改,4
最难,4
最爱,4
经理人,4
EVER,4
竞技,4
一阵子,4
这帮,4
刚开,4
╯,4
想入,4
隔人,4
连上去,4
蹭,4
难过,4
6G,4
场地,4
拉杆,4
吞钱,4
电梯,4
没冲,4
面子,4
折磨,4
机,4
人物图片,4
致命,4
两边,4
往后,4
别太,4
大半,4
第一周,4
封不封,4
纯手,4
组合,4
摔,4
落地,4
诺尔,4
钻卡,4
ESC,4
还准,4
QAQ,4
兰多夫,4
rpg,4
kidding,4
按钮,4
人一多,4
4K,4
比例失调,4
第二节,4
制造,4
底下,4
如今,4
超神,4
2017.10,4
大学,4
77,4
天上,4
内心,4
知不知道,4
jugar,4
馆,4
마,4
赛期,4
ip,4
期间,4
奥,4
火柴,4
除去,4
几秒,4
落,4
spend,4
离谱,4
开中,4
安保,4
演算,4
八,4
人来,4
前方,4
太过分,4
西安,4
摆脱,4
挣钱,4
养,4
一丁点,4
水准,4
崩盘,4
围绕,4
和谐,4
段时间,4
真差,4
能量,4
文件夹,4
お,4
装逼,4
升满,4
马刺队,4
走到,4
差远了,4
sg,4
servidor,4
烦不烦,4
几亿,4
穿过,4
十年,4
满心欢喜,4
忠诚度,4
拿走,4
观众席,4
正式版,4
要花,4
锤,4
心思,4
龙套,4
多场,4
篮子,4
天坑,4
买单,4
で,4
改版,4
综上,4
多余,4
地上,4
没出,4
资源,4
太特,4
重开,4
费沃斯,4
連不上,4
看上去,4
35,4
得个,4
好几年,4
字幕,4
开出,4
得分手,4
爆肝,4
晃开,4
不合,4
吃饭,4
独占,4
970M,4
推进,4
十几次,4
欢乐,4
秒左右,4
我来,4
极低,4
선,4
微,4
开局,4
平心而论,4
看好,4
人会,4
美工,4
做法,4
本方,4
冲突,4
心想,4
怒,4
几周,4
追忆,4
插,4
call,4
演,4
特写,4
提供,4
到达,4
何以堪,4
好几代,4
猴年马月,4
加扣,4
DLC,4
改键,4
小号,4
面容,4
泥巴,4
年前,4
卢比,4
供,4
绝,4
店面,4
延长,4
XBOX,4
第一节,4
迟迟,4
外观,4
钻石,4
不换,4
标准,4
不刷,4
变形,4
删档,4
侧翼,4
凯子,4
时会,4
很赞,4
가,4
单车,4
上方,4
执行,4
刚好,4
四十个,4
Chinese,4
内内,4
网站,4
热区,4
980m,4
替补席,4
究竟,4
精准,4
一只,4
冲刺,4
You,4
制度,4
打赢,4
可能性,4
差太多,4
出错,4
气人,4
开了个,4
物品,4
翻墙,4
准得,4
理个,4
几千,4
出门,4
投中,4
一帮,4
跟前,4
1080TI,4
投入,4
多分钟,4
预告,4
入坑,4
중,4
大姐,4
缺,4
糊,4
看得出,4
有卡顿,4
carry,4
清空,4
桌子,4
win7,4
倒计时,4
外线投篮,4
2kol,4
终结,4
两局,4
我试,4
残疾人,4
白痴,4
野球,4
十二,4
铜,4
几万,4
卵,4
啥意思,4
2k10,4
高度,4
1080ti,4
买过,4
没人会,4
过多,4
改名,4
权益,4
成熟,4
倒地,4
情,4
奢求,4
新增,4
躲,4
支,4
years,4
х,4
没得说,4
日子,4
登,4
服装店,4
xbox,4
这场,4
无济于事,4
没变,4
神特,4
外貌,4
骂人,4
外加,4
problem,4
半小时,4
畅快,4
右侧,4
三场,4
哪位,4
nice,4
硬伤,4
单人,4
To,4
猜,4
纹个,4
保留,4
扯,4
neighborhood,4
解压,4
实话,4
°,4
CP3,4
控制面板,4
亲身,4
身子,4
吉米,4
쓰,4
我起,4
较为,4
死光,4
融合,4
PPT,4
筛子,4
serveur,4
hope,4
丢失,4
流程,4
恨,4
gay,4
cba,4
2K12,4
盲目,4
今晚,4
吸住,4
明摆着,4
延时,4
放大,4
溜,4
往常,4
晃,4
从未,4
可爱,4
完后,4
默罕,4
一家,4
持续,4
准度,4
抢劫,4
到时候,4
单节,4
活动,4
給,4
不禁,4
证明,4
バ,4
生,4
不易,4
期盼,4
CBA,4
幸好,4
算个,4
은,4
家伙,4
YOU,4
哈哈哈哈,4
투,4
送个,4
最气,4
出国,4
变好,4
表弟,4
¸,4
梦游,4
眼前,4
看待,4
观看,4
mieci,4
害怕,4
装备,4
卡出翔,4
MDZZ,4
不信邪,4
五天,4
只用,4
日后,4
难得,4
女性朋友,4
欣赏,4
爆发,4
意愿,4
马马虎虎,4
逆转,4
视野,4
往里,4
恼人,4
丰满,4
我换,4
不挂,4
好听,4
搓,4
足足,4
fix,4
试炼,4
毛用,4
TAKE,4
整整,4
空刷,4
不中,4
中國,4
东北,4
强退,4
不满,4
晕,4
配,4
撕,4
慢成,4
た,4
作弊器,4
球会,4
有点像,4
点击,4
煎熬,4
这群,4
卡片,4
迄今为止,4
快餐,4
坐标,4
厂商,4
fifa,4
开启,4
Ps,4
轻易,4
不在乎,4
놀,4
改一改,4
中有,4
魔王,4
高大,4
媒体,4
学坏,4
全明星赛,4
一帧,4
消磨,4
多天,4
奔溃,4
删掉,4
快节奏,4
上涨,4
CK,4
影子,4
挂钩,4
必买,4
个头,4
park,4
豆,4
normal,4
预感,4
滚去,4
戈登,4
爱我吗,4
改建,4
ا,4
窗口,4
摆烂,4
una,4
打街球,4
额外,4
一份,4
吹牛,4
refund,4
上部,4
相太,4
兴致,4
投个,4
improve,4
右上角,4
几十分钟,4
平白无故,4
两款,4
读档,4
懒,4
紧张,4
ż,4
一个多,4
2k13,4
开玩,4
过线,4
r,4
略微,4
岁,4
裸连能,4
上传,4
大前,4
和保罗,4
糊弄人,4
子,4
顺带,4
times,4
摁,4
很迷,4
赢球,4
钻研,4
扛着,4
升级档,4
骂街,4
错位,4
骗子,4
一挡,4
办公室,4
打不出,4
GTX,4
拼抢,4
し,4
保洁,4
尽量,4
十分钟,4
神经病,4
游,4
再烂,4
倒数,4
不传,4
英文,4
怪怪的,4
道路,4
原有,4
人机,4
LOW,4
零分,4
呼吁,4
拿来,4
强度,4
语音,4
变难,4
换成,4
说白了,4
爱玩,4
很久很久,4
百兆,4
打场,4
预设,4
宽容,4
不止一次,4
IP,4
再开,4
总会,4
2.2,4
立刻,4
剁,4
联上,4
看得出来,4
离场,4
发泄,4
谈,4
球哥,4
我大,4
路上,4
几句,4
我进,4
身高体重,4
矮子,4
experience,4
F4,4
透,4
交流,4
打水漂,4
人吐槽,4
强迫症,4
老牌,4
母,4
サ,4
现场,4
深刻,4
RMB,4
da,4
CE,4
味道,4
比有,4
飞出去,4
偏晚,4
调都,4
一届,4
变动,4
观察,4
球探,4
教,4
发邮件,4
机翻,4
泡,4
到手,4
美女,4
搜,4
应有,4
没断,4
杂七杂八,4
危机感,4
付钱,4
上学,4
挤,4
没赢,4
의,4
过头,4
走下坡路,4
卵子,4
干不了,4
丫,4
顺位,4
很蛋,4
蓝条,4
es,4
42,4
地位,4
沙箱,4
沒有,4
做人,4
资深,4
会入,4
Wells,4
头顶,4
伤病,4
咆哮,4
联,4
呯,4
KG,4
中评,4
原以为,4
动都动,4
卖东西,4
两罚,4
代了,4
默德,4
设,4
登哥,4
极为,4
喝,4
一次次,4
23,4
150,4
越来越少,4
重安,4
往年,4
app,4
总共,4
丑女,4
第三场,4
某种,4
总统,4
简化,4
一手,4
tx,4
更换,4
授权,4
指,4
迷路,4
看个,4
队训,4
去掉,4
多高,4
毕业,4
省,4
飘逸,4
听到,4
有多差,4
收到,4
当做,4
ま,4
看球,4
1617,4
睡,4
_.,4
我凯,4
次要,4
MD,4
心意,4
不可否认,4
检查一下,4
一键,4
脸型,4
道具,4
固件,4
偏早,4
需求,4
生硬,4
DUANG,4
停顿,4
罚球线,4
一版,4
剪头,4
脱离,4
국,4
越改越,4
以下几点,4
KD,4
灰色,4
阶段,4
国际,4
我操,4
С,4
遊,4
解答,4
侠,4
고,4
格拉姆,4
死亡,4
服务态度,4
一周,4
玩死,4
奢侈,4
档次,4
61,4
sweetheart,4
单身,4
网页,4
内切,4
别出,4
犯,4
说不定,4
调成,4
两三个,4
奇差,4
连人,4
出点,4
管理,4
采用,4
记者,4
26,4
SS,4
剪个,4
金,4
十几分钟,4
一小,4
大个子,4
地步,4
检查,4
中断,4
一条龙,4
das,4
抽,4
世纪,4
想起,4
Game,4
充斥,4
一副,4
shabi,4
猛如虎,4
玻璃,4
配件,4
难以,4
蓄力,4
没进,4
爱好者,4
下半场,4
休闲,4
¨,4
设施,4
qnmd,4
很想,4
重心,4
现役,4
遍,4
ol,4
喂狗,4
新档,4
精细,4
á,4
舍不得,4
花样,4
毫无意义,4
U,4
签,4
攻略,4
做得好,4
王牌,4
玩过来,4
04,4
乏味,4
跑过来,4
发呆,4
教学,4
上不进,4
进都,4
run,4
篮板球,4
阿里,4
Money,4
练个,4
物价,4
五六个,4
道,4
全价,4
系,3
换换,3
speedboost,3
受不鸟,3
戒指,3
仅仅只是,3
07,3
203,3
全世界,3
楞,3
一球,3
美术,3
总能,3
发都,3
IST,3
7.5,3
拖时间,3
一团糟,3
划分,3
狠,3
噢,3
狗儿,3
室,3
地铁,3
瞅,3
黑人,3
买满,3
있,3
月份,3
没玩,3
맞,3
难忘,3
领钱,3
coins,3
一毛钱,3
一开,3
看着办,3
惯性,3
真真,3
首秀,3
晓得,3
上架,3
打平,3
区里,3
第七,3
没过,3
麦基,3
卖批,3
统治,3
piece,3
涉嫌,3
み,3
过关,3
差得,3
拟,3
飞身,3
三思,3
편,3
31,3
国,3
三流,3
mycareer,3
旧酒,3
看运气,3
有仇,3
号码,3
变多,3
爽歪歪,3
不及,3
放个,3
超多,3
出差,3
吹罚,3
扣个,3
走开,3
大便,3
justice,3
诱导,3
表演,3
远远,3
Live18,3
不足之处,3
后方,3
小加,3
尿,3
杂乱,3
第三天,3
淘汰,3
砍掉,3
火,3
开张,3
厕所,3
进线,3
耽误,3
下定决心,3
师,3
不三不四,3
不亦乐乎,3
斯,3
无闪退,3
克金,3
重叠,3
没到,3
stupid,3
壳,3
国庆,3
负分,3
J8,3
娱乐,3
就入,3
不感兴趣,3
BUFF,3
主动,3
知名,3
敷衍了事,3
地卡,3
通用,3
形同虚设,3
两作,3
엄,3
愉悦,3
修好,3
해,3
文明,3
amazing,3
可不可以,3
不加,3
步行街,3
做工,3
丑爆,3
ア,3
视觉,3
分界线,3
会改,3
没给,3
人物属性,3
上当受骗,3
扮演,3
73,3
化为乌有,3
十足,3
全不进,3
Los,3
线条,3
扔进,3
MMp,3
很坑,3
间,3
帕克,3
qwq,3
几小时,3
ろ,3
Д,3
duangAI,3
大半夜,3
大半年,3
传统,3
nm,3
一两千,3
96,3
AV,3
2KTV,3
膝盖,3
卧底,3
上万,3
相貌,3
找虐,3
自如,3
注册,3
......................,3
收缩,3
清晰度,3
种种,3
觉得很有,3
打不进,3
无时无刻,3
segundo,3
网都,3
按着,3
新一波,3
差异,3
XJB,3
同步,3
答案,3
大体上,3
敌对,3
一两次,3
比德,3
不看,3
要强,3
make,3
下限,3
卡出,3
easy,3
真好玩,3
一道,3
980M,3
易建联,3
档里,3
各中,3
威力,3
封刷,3
篮不进,3
4g,3
直,3
真难,3
几何,3
凸,3
三四分钟,3
看吧,3
多少倍,3
嘞,3
以此,3
twarz,3
company,3
妈死,3
考察,3
あ,3
￥,3
虐待,3
活该,3
未经,3
混合,3
绕,3
犹如,3
谈谈,3
细微,3
几局,3
拙计,3
仨,3
再就是,3
会来,3
会进,3
森,3
画,3
一撞,3
嚯,3
清晰,3
红宝石,3
一碰球,3
全无,3
幅度,3
先别,3
低能,3
称赞,3
转换,3
气到,3
理,3
休息室,3
小霸王,3
居多,3
练级,3
ing,3
始终,3
冲进去,3
ich,3
尽如人意,3
完闪退,3
angesicht,3
大脑,3
体能,3
分析,3
高中,3
ugly,3
看不懂,3
人权,3
营养,3
三节,3
瓦解,3
950m,3
지,3
CNMLGB,3
付出,3
守,3
自信,3
乏善可陈,3
补强,3
投出去,3
趁早,3
低位,3
原先,3
黏在,3
血汗钱,3
仅此而已,3
2KMC,3
kupi,3
拒绝,3
新加,3
想一想,3
吔,3
詹皇,3
jest,3
找回,3
手递,3
g,3
康利,3
阴影,3
看中,3
造个,3
死命,3
初步,3
甜,3
LAJI,3
保平安,3
新款,3
球上,3
硬生生,3
恋爱,3
wanna,3
全绿,3
970m,3
留言,3
kowala,3
好几回,3
克服,3
份,3
较真,3
条是,3
厂家,3
欧美,3
两百块,3
屁事,3
三代,3
再烂点,3
V,3
见长,3
拉满,3
百发百中,3
隆多,3
吃惊,3
卡个,3
符合实际,3
QNMD,3
太久,3
要素,3
懵,3
能用,3
人物性格,3
吃零食,3
장,3
弱鸡,3
我国,3
磨叽,3
198,3
聊胜于无,3
8.5,3
超长,3
ni,3
未达,3
很累,3
几分,3
洗,3
Zweite,3
把玩,3
付费,3
首创,3
点点,3
低劣,3
玩起,3
懒到,3
硬核,3
波波,3
陆陆续续,3
满满,3
皿,3
往里面,3
多一些,3
算上,3
全屏,3
连着,3
怪不得,3
标签,3
互动性,3
Much,3
风险,3
偷工减料,3
刷到,3
不绿,3
每作,3
十几分,3
通通,3
黑而,3
fronte,3
双键,3
显存,3
primera,3
别来,3
恭维,3
决赛,3
Edition,3
後,3
BAD,3
兴冲冲,3
最为,3
扣飞,3
129,3
壮,3
将来,3
水花,3
投死,3
之差,3
屠杀,3
收集,3
榜眼,3
je,3
能比,3
王子,3
练练,3
fast,3
还贵,3
980ti,3
xboxone,3
セ,3
E3,3
走不动,3
偏要,3
同居,3
そ,3
欣喜,3
综合,3
第一件,3
首次,3
夏天,3
大比分,3
一封,3
渲染,3
不佳,3
连网,3
模糊不清,3
小于,3
旧,3
低得,3
感极强,3
走来走去,3
寻找,3
气炸,3
左侧,3
上心,3
junk,3
展现,3
多于,3
跑不动,3
dlc,3
开高,3
page,3
沉迷,3
好惨,3
白金,3
磁吸,3
8.8,3
高到,3
新一代,3
一玩,3
很无语,3
赠送,3
drugi,3
棍,3
售卖,3
转到,3
6000,3
逆天,3
日程表,3
抢走,3
处于,3
讲真,3
正好,3
充完,3
最坑,3
意料之中,3
줘,3
塞,3
超烦,3
一堵,3
小牛队,3
伤害,3
最屎,3
几下,3
到哪去,3
CNMB,3
62,3
不足挂齿,3
漏洞补丁,3
还敢,3
十次,3
م,3
Und,3
K17,3
worst,3
金钱,3
没卡过,3
肝帝,3
方,3
砖,3
顺序,3
无数遍,3
Le,3
慎重考虑,3
98,3
试图,3
惊奇,3
程序,3
运到,3
给定,3
通知,3
C盘,3
怀里,3
区域,3
大写,3
だ,3
充满,3
进不进,3
反倒,3
吃亏,3
我刷,3
容貌,3
契合,3
大规模,3
那位,3
解释一下,3
然,3
不封,3
我队,3
顺下,3
热情,3
一星半点,3
防守型,3
吃快餐,3
comprare,3
城里,3
评里,3
梦回,3
开玩笑,3
hao,3
互通,3
赞助商,3
铁杆,3
사,3
专用,3
更狠,3
全白,3
Spiel,3
掏出,3
高点,3
较差,3
关不掉,3
力,3
落选,3
一万五千,3
刷出,3
无可厚非,3
盯防,3
延续,3
主线,3
追上,3
ssd,3
女主丑,3
超模,3
失位,3
翻版,3
脸行,3
架个,3
不耐烦,3
别搞,3
状元,3
亏了,3
颠覆,3
阿飞,3
二分,3
熬夜,3
确认,3
There,3
条比,3
si,3
一团,3
激烈,3
多线,3
限于,3
防死,3
错怪,3
还卡,3
小弟,3
白花,3
空无一人,3
家当,3
绝大多数,3
太好了,3
戴维斯,3
disappointed,3
动作感觉,3
学到,3
妨碍,3
麻瓜,3
点个,3
用钱,3
肩膀,3
都行,3
事儿,3
蠢到,3
140,3
更难,3
评给,3
近乎,3
作死,3
背锅,3
思路,3
无关痛痒,3
瑕不掩瑜,3
球框,3
到期,3
看不看,3
래,3
单,3
naprawd,3
oppos,3
戴,3
无爱,3
映照,3
浑身,3
美,3
nur,3
拔起,3
助理,3
中文版,3
有生之年,3
来不及,3
耐克,3
ability,3
情节,3
见识,3
烦得,3
只好,3
fresh,3
一巴掌,3
吃香,3
足矣,3
过往,3
克拉克,3
产物,3
再蠢,3
serwer,3
瘦,3
雄起,3
感觉不好,3
妹,3
飞机,3
踏入,3
预判,3
传出去,3
关掉,3
死期,3
edition,3
倒霉,3
大胆,3
过吞币,3
NBALIVE,3
相是,3
附加,3
衣柜,3
瞎子,3
社交,3
讨好,3
桌面,3
story,3
大门,3
傻傻的,3
很渣,3
6700K,3
support,3
进程,3
CPU,3
Jahr,3
10m,3
最烦,3
搞不定,3
梯子,3
ド,3
往死里,3
白条,3
胡同,3
虚拟,3
几只,3
多难,3
But,3
咸鱼,3
拿个,3
超巨,3
主题,3
迷人,3
不能不要,3
是我太,3
愿望,3
屏蔽,3
肩,3
登都,3
lo,3
米勒,3
switch,3
pirate,3
挤进去,3
汪,3
捡,3
集成显卡,3
第三次,3
년,3
连进,3
未进,3
100m,3
Less,3
金白银,3
这算,3
节奏快,3
预约,3
简体,3
张手,3
老母,3
这版,3
打好,3
投降,3
太阳,3
零八,3
shooting,3
Primo,3
心脏,3
ta,3
不时,3
制作者,3
林书豪,3
天梯,3
几部,3
瞎了眼,3
吧唧,3
对白,3
烫手,3
侵犯,3
吸星,3
更丑,3
越高,3
反向,3
小高潮,3
并不需要,3
问下,3
말,3
possibilit,3
求解,3
你媽,3
撵,3
不怎么样,3
雷,3
按出,3
dei,3
spielen,3
梦里,3
一颗,3
直到现在,3
神级,3
不好过,3
纳什,3
э,3
无可,3
礼拜,3
十个,3
痒痒,3
种类,3
全用,3
games,3
长度,3
空当,3
忍得,3
生动,3
浪投,3
饭,3
连贯,3
破损,3
单干,3
3000,3
闺蜜,3
72,3
還是,3
め,3
反复,3
도,3
投着,3
蓝宝石,3
中等,3
83,3
贴防,3
带动,3
客户,3
重合,3
你别,3
看天,3
忽然,3
最长,3
氛围,3
场子,3
嘴,3
种地,3
dunk,3
裸练,3
二罚,3
角落,3
感太差,3
先玩,3
那麼,3
本座,3
多加,3
礼物,3
霾,3
很多很多,3
攒,3
心理,3
刷金,3
远射,3
Modell,3
洛佩兹,3
两回,3
死妈,3
发行商,3
出过,3
慌,3
招募,3
切出来,3
放电影,3
每局,3
PARK,3
ず,3
能卡,3
损友,3
生成,3
蹦,3
家用,3
坏事,3
满脑子,3
列表,3
胯下,3
得不到,3
球往,3
回档,3
客户端,3
か,3
表妹,3
端倪,3
更快,3
emmmmm,3
怪异,3
十有八九,3
8G,3
代代,3
气死人,3
躲过,3
诺,3
进来,3
大面积,3
哪一天,3
赔钱,3
窝火,3
为数不多,3
紫金,3
太矮,3
没试,3
费尽心思,3
ctm,3
算不算,3
这不坑,3
制作方,3
振动,3
粘,3
对象,3
卡着,3
姑且,3
24000,3
感兴趣,3
上海,3
梗,3
用过,3
MVP,3
巨坑,3
边上,3
二十分,3
爬,3
新闻,3
SSD,3
场所,3
拍卖,3
卡主,3
日妈,3
喜,3
次世代,3
满场,3
提倡,3
ATM,3
long,3
初衷,3
局面,3
送球,3
ト,3
開,3
き,3
拍掉,3
麦,3
糗,3
相撞,3
亲身经历,3
sagen,3
一万次,3
自觉,3
这波,3
同理,3
控位,3
懂吗,3
心甘情愿,3
投籃,3
精神,3
气愤,3
打压,3
港服,3
200000,3
蛇皮,3
视线,3
大仙,3
series,3
同等,3
播放,3
1100,3
宛如,3
感谢,3
大老远,3
申訴,3
几千万,3
紫色,3
连贯性,3
值得一提的是,3
老婆,3
索然无味,3
开过,3
只求,3
joke,3
干个,3
萌新,3
不肯,3
这件,3
掌控,3
rs,3
灰蒙蒙,3
恰好,3
不为所动,3
反攻,3
谁谁谁,3
老科,3
幼儿园,3
30m,3
泡椒,3
虚,3
에,3
犹豫不决,3
赞赏,3
恶评,3
分靠,3
无法忍受,3
仅供参考,3
o,3
娃,3
请来,3
史,3
心烦,3
独,3
league,3
饱受,3
一双,3
特码,3
郁闷,3
发差评,3
个数,3
一级,3
jouer,3
实测,3
新来,3
人脸,3
缩短,3
1050TI,3
逗,3
卖点,3
第八,3
无视,3
高位,3
一试,3
回答,3
橙汁,3
略卡,3
死死的,3
放过,3
马塞克,3
不当,3
更准,3
冲过来,3
喜爱,3
des,3
190,3
瓶装,3
篮上,3
加快,3
掐,3
两句,3
一分,3
帽到,3
情绪,3
My,3
德克,3
合理性,3
Do,3
太瘦,3
但愿,3
还来,3
没救,3
die,3
iron,3
12000,3
anno,3
排序,3
能力差,3
踢,3
sf,3
想来,3
找不出,3
可圈可点,3
地下,3
tylko,3
遇见,3
骚,3
谈话,3
说起,3
打鐵,3
移除,3
货色,3
八成,3
之多,3
还活,3
pi,3
片场,3
粗暴,3
有下,3
建了,3
大补,3
清一色,3
闹心,3
穿越,3
政治,3
恼火,3
单机版,3
争议,3
温馨,3
罚篮,3
不翼而飞,3
完毕,3
无处,3
不出意外,3
扎,3
没得,3
ö,3
没戏,3
右边,3
黄,3
Legend,3
需谨慎,3
宝宝,3
交替,3
带个,3
💪,3
槽糕,3
COOOL,3
脸好,3
撇开,3
录,3
沃尔,3
忐忑,3
报错,3
基佬,3
回合制,3
精致,3
领域,3
戈贝尔,3
先是,3
带入,3
大方向,3
0.0,3
改不了,3
这样的话,3
上火,3
OB,3
真服了,3
发色,3
返回,3
逼人,3
First,3
沙姆,3
ご,3
混乱,3
好用,3
很惨,3
细化,3
何用,3
花里胡哨,3
Pay,3
并不知道,3
发起,3
小小的,3
蠢得,3
纪录,3
拆为,3
全能,3
不远,3
一上,3
搭配,3
护球,3
없,3
chance,3
极慢,3
跨,3
滚蛋,3
之中,3
花臂,3
ping,3
千辛万苦,3
不顾,3
破产,3
罗斯,3
三天,3
放入,3
冤枉钱,3
basura,3
OL,3
part,3
最次,3
有空,3
常规,3
克劳福德,3
汗水,3
por,3
从前,3
我运,3
扭,3
无伤大雅,3
回个,3
普通人,3
ONE,3
モ,3
太无解,3
盯人,3
考验,3
180,3
香港,3
留下,3
3A,3
死防,3
迟钝,3
维斯基,3
后妈,3
吹哨,3
脸模,3
20m,3
黑色,3
心得,3
多点,3
底子,3
指点,3
没收,3
不介意,3
碎,3
老粉,3
逼数,3
数低,3
几十秒,3
全满,3
介意,3
盘,3
idiot,3
非常明显,3
收不到,3
会漏,3
太空,3
穿插,3
血虐,3
刻意,3
顶上去,3
有所改善,3
Never,3
双塔,3
难免,3
真烂,3
金卡,3
天大,3
整合,3
横扫,3
合在一起,3
卡帧,3
一挤,3
变更,3
多到,3
顿卡,3
轻,3
faccia,3
浮躁,3
匆匆,3
仰,3
坑里,3
相扑,3
资料,3
gtx960,3
毋庸置疑,3
罗尼,3
变都,3
都还没,3
惊人,3
本想,3
清理,3
皮皮虾,3
打电话,3
休,3
压制,3
没太大,3
三十,3
上当,3
着急,3
远景,3
ю,3
吐出来,3
邮件,3
鬼佬,3
这尿性,3
合计,3
K18,3
必中,3
che,3
genuine,3
等等等等,3
ppt,3
不锁区,3
哪来,3
微博,3
玩成,3
鸟样,3
代言人,3
配个,3
克扣,3
队队,3
讲理,3
没人管,3
保障,3
老鹰,3
充,3
命名,3
要出,3
裸联,3
不得了,3
冒火,3
饮水机,3
人性,3
ban,3
过高,3
大卖,3
我球,3
学学,3
大半个,3
马路,3
评论员,3
橡皮糖,3
杀入,3
界外,3
编剧,3
高达,3
甩锅,3
口碑,3
防盗版,3
默契,3
dns,3
有幸,3
同意,3
常规赛,3
关门,3
脚踝,3
信任,3
撑,3
上要,3
路线,3
cool,3
............,3
讯,3
梦,3
真丑,3
版权,3
47,3
必入,3
五次,3
要卡,3
忍住,3
天差地别,3
这句,3
安徽,3
捉,3
反胃,3
偏激,3
不带,3
集锦,3
ク,3
发现自己,3
锁区,3
没白,3
达,3
真滴,3
出翔,3
OFF,3
飞跃,3
地被,3
猴子,3
kaufen,3
连个,3
体格,3
泰坦,3
反感,3
2468,3
2kMC,3
上赛季,3
找罪,3
后腿,3
常用,3
premi,3
這是,3
联不上,3
抽卡,3
写个,3
修修,3
一切正常,3
宕机,3
稍早,3
甜瓜,3
飞过来,3
画蛇添足,3
银,3
美金,3
巴掌,3
ersten,3
降到,3
속,3
索尼,3
图像,3
보,3
好差,3
花点,3
comprar,3
值满,3
공,3
这才,3
圆润,3
交易系统,3
失调,3
改到,3
IGN,3
网裸连,3
┻,3
^,3
真鸡儿,3
逢,3
一切都是,3
新买,3
第六,3
突到,3
夸,3
探,3
遇上,3
没改,3
评为,3
50m,3
一整天,3
特色,3
acheter,3
展示,3
....................,3
内核,3
波波维奇,3
社区化,3
科尔,3
顶多,3
辣级,3
大大的,3
安静,3
切进,3
我觉,3
不爱,3
al,3
拉出去,3
克劳德,3
知足,3
说完,3
两样,3
捡漏,3
登入,3
最骚,3
各路,3
早就,3
永远都是,3
好球,3
脚底,3
BE,3
模拟器,3
随手,3
乔治,3
负责,3
天灵盖,3
primer,3
最最,3
登场,3
全他,3
运投,3
复古,3
projection,3
渣成,3
脸颊,3
猖獗,3
normale,3
打花,3
175,3
打破,3
下架,3
细说,3
구,3
及格,3
完完全全,3
求生,3
帅,3
几十遍,3
受够了,3
投奔,3
输球,3
钟,3
数么,3
emmm,3
突围,3
热翔,3
憋,3
颜面,3
드,3
胖,3
昧着良心,3
APP,3
来个,3
分不进,3
别提,3
战卡,3
MP,3
discrimination,3
NBA2k,3
打个比方,3
这一版,3
一路,3
要选,3
沿用,3
低配,3
college,3
溜冰鞋,3
不求,3
哭笑不得,3
青春,3
一队,3
添堵,3
정,3
一個,3
死人,3
占到,3
本该,3
安过,3
千,3
玩新,3
22,3
字样,3
吞吞,3
变化很大,3
凑活,3
刻画,3
放慢,3
还慢,3
试穿,3
兰姆,3
大战,3
晚一点,3
气氛,3
足以,3
橡皮,3
社區,3
約束,3
欧,3
鸟,3
NMB,3
下想,3
6700HQ,3
睿智,3
矮个子,3
转过,3
任意,3
数次,3
补位,3
柔和,3
恐怕,3
太强,3
ق,3
老老实实,3
多花点,3
布局,3
轻轻,3
废话连篇,3
鞋店,3
rap,3
一天两天,3
形式,3
激进,3
方方面面,3
屎样,3
内置,3
扫出来,3
After,3
报价,3
耐玩,3
失效,3
ñ,3
得以,3
步行者,3
YY,3
使劲,3
게,3
F,3
表扬,3
移植,3
ber,3
厚颜无耻,3
秒钟,3
作好,3
太晚,3
往外面,3
怎么弄,3
投不,3
常,3
小键盘,3
烦死,3
NC,3
黑手党,3
会少,3
质变,3
问号,3
不痛不痒,3
分准,3
召唤,3
大大小小,3
这项,3
hours,3
浓浓的,3
一丝丝,3
谢天谢地,3
放任,3
好似,3
3d,3
透露,3
П,3
心凉,3
几条,3
解决问题,3
起伏,3
好得多,3
毫不犹豫,3
强投,3
瓶颈,3
搞了个,3
需,3
夹击,3
怪物,3
live19,3
走向,3
T恤,3
一关,3
天下,3
을,3
嫌疑,3
屌丝,3
快成,3
高峰期,3
略显,3
时光,3
年份,3
偷钱,3
6500,3
二十几,3
葫芦娃,3
好了吧,3
1050,3
胃口,3
托,3
最让人,3
凭感觉,3
明知,3
再吐槽,3
von,3
换手,3
Online,3
奖金,3
卡读,3
跪求,3
裸连上,3
GAME,3
看不惯,3
胖子,3
黄金卡,3
告,3
建设,3
交了,3
一干,3
诺埃尔,3
活力,3
directly,3
踉跄,3
兰德尔,3
早早,3
离得,3
按个,3
滑铁卢,3
不妙,3
げ,3
实质,3
雾,3
슛,3
他会,3
门卫,3
详细,3
音画,3
比尔,3
说不出,3
近几年,3
滚回去,3
历届,3
扣掉,3
玩一玩,3
顺其自然,3
哨声,3
落落,3
因素,3
黑妹,3
真刀真枪,3
厌恶,3
发出,3
不难,3
내,3
1050Ti,3
挂机,3
硬性,3
更大,3
记录,3
眼看,3
抬高,3
Il,3
从头到尾,3
非线性,3
playing,3
买回来,3
herrero,3
偏离,3
基德,3
NBA2K9,3
抗锯齿,3
不止,3
小型,3
大腿,3
面板,3
一掉,3
一肚子气,3
统统,3
无话可说,3
欺骗,3
印象,3
偏见,3
多话,3
西,3
呐,3
七八次,3
接力,3
腻,3
供参考,3
慎入,3
加索尔,3
抢板,3
Are,3
1b,3
断网,3
开机,3
每开,3
商业,3
衷心,3
当天,3
管理器,3
十几年,3
一天到晚,3
新星,3
巨头,3
各式各样,3
重置,3
时有,3
搞清楚,3
超强,3
年内,3
无以复加,3
当狗,3
活在,3
活着,3
链,3
费,3
安装,3
无与伦比,3
罚站,3
异形,3
男主角,3
不给力,3
难用,3
收购,3
漫步,3
脚本,3
坐在,3
记,3
WIN10,3
拿出,3
多如牛毛,3
正规,3
半吊子,3
证实,3
绑定,3
追到,3
这两点,3
racial,3
越玩越,3
十多个,3
算了吧,3
听听,3
待遇,3
67,3
被扣,3
套用,3
高个,3
花边,3
当个,3
撸,3
分配,3
撰写,3
Open,3
愧疚,3
贯彻,3
神准,3
任性,3
garbage,3
221,3
嘴里,3
验证,3
小学,3
零头,3
career,3
拼,3
暗改,3
4k,3
助,3
大打折扣,3
波普,3
一有,3
计入,3
played,3
找点,3
人带,3
太蛋,3
多吐槽,3
40W,3
玩转,3
甚,3
买不起,3
有血有肉,3
第一代,3
减速,3
绝逼,3
1080p,3
蛮大,3
猪精,3
能作,3
钻,3
通往,3
老妈,3
回忆,3
间歇性,3
咬,3
知识产权,3
说句,3
手势,3
못,3
进街,3
条差评,3
似得,3
一年一度,3
李,3
神射,3
弹跳,3
666666666,3
激情,3
断掉,3
不進,3
び,3
单从,3
渠道,3
篮球赛,3
大小,3
一秒钟,3
好话,3
停止,3
背景图片,3
伺候,3
makes,3
条放,3
慢半拍,3
肉搏,3
胡须,3
抹黑,3
差多,3
冲进,3
弄错,3
原创,3
闲逛,3
玩街球,3
一切办法,3
斯派克,3
ALT,3
我主玩,3
正常人,3
条太,3
硬往,3
绝大部分,3
北美,3
大不了,3
3G,3
没卖,3
难刷,3
条小,3
我大号,3
棒棒,3
xAI,3
信不信,3
具体表现,3
高清,3
过大,3
时好时坏,3
毁掉,3
引号,3
上半场,3
掘金,3
lagging,3
微软,3
等待时间,3
i5,3
到家,3
原,3
银牌,3
懂不懂,3
罗伯森,3
很蠢,3
开门,3
す,3
모,3
仗,3
生命,3
脑子里,3
火锅,3
几百元,3
作呕,3
gs,3
个性,3
spent,3
勒布朗,3
界,3
扬,3
gra,3
花哨,3
一大截,3
回线,3
不如意,3
别入,3
暴涨,3
电信宽带,3
伸个,3
能进球,3
空档,3
zu,3
人长,3
巨他,3
调好,3
半,3
哥怒,2
压根儿,2
磕,2
不聊,2
只母,2
之门,2
打败,2
一用,2
击溃,2
手机卡,2
一漏,2
不成比例,2
赶上来,2
多事,2
标配,2
쐬,2
会放,2
打前,2
没装,2
简便,2
十分困难,2
转念,2
满脸,2
近一半,2
糊住,2
仿真度,2
后撤,2
手残加,2
wrought,2
不定期,2
涉猎,2
新卡包,2
回玩,2
点加,2
问题所在,2
傻狗,2
言,2
跳脚,2
gewonnen,2
direttamente,2
win3,2
喷给,2
Young,2
上头,2
那别,2
衣食父母,2
纳入,2
不愧,2
ง,2
头去,2
爷爷,2
下会,2
边线发球,2
大动,2
非豪,2
聊天,2
停球,2
带感,2
一做,2
ah,2
鲍尔,2
比心,2
AL,2
出品,2
分辨,2
多如狗,2
真机,2
上述情况,2
认证,2
很脆,2
LA,2
raised,2
一头,2
神不进,2
大队,2
自杀,2
阻断,2
出不来,2
全乱,2
steve,2
果汁,2
正向,2
筐,2
肉,2
還會,2
两下,2
biggest,2
花架子,2
太郎,2
极丑,2
捡球员,2
差玩,2
手舞足蹈,2
这一,2
大胡子,2
疯狗,2
摆在,2
如丝,2
feeding,2
琢磨,2
转来,2
女生,2
212cm,2
纹,2
别揽,2
挡切,2
没商量,2
正名,2
操作方法,2
实际水平,2
投诉,2
审视,2
完整版,2
分不清,2
convenu,2
小白们,2
症状,2
猫,2
取而代之,2
不太可能,2
Strade,2
前所未有,2
条倒,2
WORST,2
试问,2
新词,2
进过,2
剧,2
城门,2
堵,2
搞些,2
一封信,2
好才行,2
我长,2
多买个,2
还会放,2
RNM,2
萌萌,2
力量感,2
6700k144,2
reality,2
图用,2
不尽人意,2
Too,2
受害,2
歪,2
จ,2
过人慢,2
条反智,2
球体,2
Optimization,2
fps,2
可加项,2
造铁,2
说不过去,2
中写,2
球是,2
half,2
行且,2
翻天覆地,2
냥,2
规则,2
喷白,2
三观,2
第一面,2
留着,2
iq,2
鏈接,2
迷之低,2
月经不调,2
ン,2
近两年,2
干翻,2
mal,2
连涨,2
从刚,2
处理器,2
轰出来,2
球隊,2
黑八,2
沒法,2
SERVICE,2
追过去,2
比猪,2
碰过,2
车,2
两节,2
帮帮我,2
960,2
同极,2
次往,2
出去玩,2
致使,2
打玩,2
平稳过渡,2
ore,2
一体,2
帅气,2
草率,2
吃不起,2
看同,2
puedo,2
没软用,2
JI,2
减得,2
感觉良好,2
换来换去,2
stucked,2
不加个,2
上成,2
TWOThis,2
不论什么,2
恕,2
特征,2
感受一下,2
一类,2
没想,2
연,2
建多高,2
kg,2
blow,2
伯德,2
出血,2
万幸,2
雷神,2
彻彻底底,2
退退,2
扎堆,2
rue,2
改在,2
借用,2
았,2
图沙盒,2
drugiej,2
KING,2
伸开,2
沒有給,2
novia,2
户口本,2
附上,2
很尬,2
头身,2
件,2
jefe,2
两条,2
晃出,2
跟花,2
判赢,2
乡巴佬,2
开灯,2
这钱,2
下集,2
意,2
servers,2
Mutter,2
lording,2
經典,2
samsung,2
五号,2
一挥,2
无高个,2
才刚,2
纸人,2
相忘,2
level,2
种田,2
仔细听,2
遇不到,2
神经,2
拉库,2
说不完,2
並且,2
预祝,2
多强,2
要开,2
好受,2
开低配,2
LSP,2
撃,2
入代感,2
拿不住,2
ASAP,2
星期六,2
属,2
远算,2
全删,2
woman,2
酌情,2
剪发,2
具体化,2
面對面,2
用法,2
扩充,2
grow,2
狗币,2
Alt,2
并未,2
这倒,2
水到,2
surperman,2
隔壁家,2
물,2
ๆ,2
一大批,2
差是,2
抓住,2
建都,2
好牌,2
信条,2
단,2
口,2
有条不紊,2
ir,2
生断,2
全自动,2
骨折,2
绿帽子,2
miss,2
我安卓,2
一架,2
chinach,2
disconnected,2
没看,2
開始,2
吃干饭,2
黑心,2
加速度,2
赖,2
贵游,2
炸成,2
数字键盘,2
前一作,2
干毛用,2
8Gram,2
即便如此,2
郁闷死,2
心爱,2
Pieni,2
梅,2
汤神,2
血汗,2
胖女人,2
取决于,2
阵地战,2
触及,2
worse,2
投了,2
Tanto,2
加罚,2
list,2
GREAT,2
考利,2
非常容易,2
再搬,2
管管,2
服务期,2
一个遍,2
И,2
深感,2
16MC,2
빈,2
没有经费,2
脑后,2
英国,2
反驳,2
LIVEK,2
曾志伟,2
EFEAB30C,2
嘻哈女,2
剪辑,2
exist,2
满属,2
lose,2
干吗,2
明星队,2
集成式,2
sick,2
中场,2
有事,2
乐色,2
难点,2
買個,2
作出,2
螺旋,2
拆教,2
時間,2
细究,2
屏会卡,2
等代,2
模建,2
影音,2
吞币,2
AFK,2
中期,2
誰,2
沙仔,2
捞月,2
balle,2
波特,2
规模,2
效进,2
重连中,2
会防人,2
二舅妈,2
拍摄,2
一头雾水,2
别弯个,2
沙滩,2
彩蛋,2
忙,2
STORE,2
大码,2
lock,2
倒杯,2
新货,2
连投,2
养老,2
党死,2
源于,2
感较,2
回合,2
恐怖组织,2
二字,2
新创,2
和平主义,2
网太差,2
抡,2
你妹,2
前绕,2
动画片儿,2
五去,2
牙膏管,2
耗掉,2
金刷,2
depressing,2
静下心来,2
无阻,2
Q版,2
切掉,2
之于,2
真当,2
着重于,2
滚出来,2
林黛玉,2
层面,2
过时,2
微胖,2
真得,2
成分,2
我麦招,2
六旬,2
其實,2
专心,2
快捷,2
多卡,2
逊,2
太多大,2
天神,2
利卖,2
退游,2
看作,2
一投准,2
变快,2
rinima,2
放篮,2
留学,2
高过,2
鱼腩,2
抢戏,2
高多,2
耍赖,2
按绿有,2
209,2
很僵,2
ll,2
全分,2
辱华,2
net,2
7080,2
没拉下,2
架住,2
坎特,2
八百块,2
dozens,2
飞入,2
战力,2
核心内容,2
就断,2
心有,2
定,2
捕捉,2
details,2
傻钱,2
LOSING,2
散步,2
太赞,2
会发,2
还会卡,2
完大,2
会用,2
刻,2
初现,2
按绿是,2
压惊,2
tu,2
险胜,2
玩好,2
土,2
Les,2
木桩,2
别忘了,2
推卸责任,2
投都进,2
优良,2
使唤,2
记不住,2
不全,2
数不高,2
verdorben,2
FIFA18,2
横穿,2
K16,2
判罚,2
我弹,2
这期,2
苦苦,2
defending,2
법,2
求着,2
涨到,2
烧,2
厌烦,2
手游来,2
忘得,2
好气,2
Fi,2
掉牙,2
为首,2
卡哇伊,2
nom,2
板无解,2
畏惧,2
三分之二,2
西决,2
LOAD,2
丧心病狂,2
성,2
捉急,2
心怀,2
中后期,2
较强,2
撞个,2
三者,2
防乐福,2
便秘,2
朝上,2
美好,2
太菜,2
跪下,2
进难,2
面癱,2
5.5,2
333,2
frente,2
업,2
六犯,2
录像,2
太托,2
第一点,2
拆出,2
25W,2
值大,2
多得是,2
扎到,2
每支,2
带队,2
欲罢不能,2
schie,2
跨越,2
湖秀,2
仙境,2
三线,2
加进去,2
极易,2
繁体,2
fact,2
17.16,2
腾讯网,2
各项,2
leave,2
throuh,2
族,2
单看,2
客气,2
推飞,2
队才,2
一早,2
肠子,2
商业化,2
至尊,2
食屎,2
摊着,2
凑数,2
恕我直言,2
准则,2
小米,2
单刷,2
lj,2
邪门,2
寒霜,2
电脑系统,2
不可捉摸,2
仓库,2
右,2
举手,2
逃生,2
出屎,2
三红,2
这脸,2
我三人,2
VP,2
虐菜,2
沧海,2
oportunidad,2
니,2
自然而然,2
姣好,2
登记员,2
理智,2
PING,2
戏,2
巨不,2
太多太多,2
1p,2
格里芬,2
随机性,2
111,2
瘦身,2
刷分,2
拿捏,2
大号,2
更能,2
好多钱,2
霍纳,2
失分,2
丫能,2
实验品,2
陈年,2
加进来,2
档怕,2
gruaduated,2
开开心心,2
NMSL,2
药,2
周能,2
选多高,2
不多言,2
听懂,2
卖掉,2
代真,2
强烈要求,2
不间断,2
想刷,2
强打,2
真诚,2
小幅度,2
有剧,2
硬要,2
贴人,2
shirt,2
1.50,2
强多,2
比高,2
推广,2
復,2
见解,2
假球,2
白充,2
豁然开朗,2
最贵,2
ohne,2
友商,2
之大,2
波澜,2
下功夫,2
酷炫,2
伤天害理,2
理论,2
体验性,2
炸药包,2
不能容忍,2
杂技,2
出众,2
要合,2
树上,2
鬼扯,2
考神,2
脸花,2
曲,2
ネ,2
쇠,2
地去,2
追回来,2
总玩到,2
值高,2
四五十,2
突入,2
强是,2
远时,2
游泳,2
先天不足,2
della,2
扛鼎之作,2
选神射,2
集,2
Tesoro,2
德里,2
就响,2
我醉,2
没人治,2
丑死,2
扎扎,2
万象,2
AND,2
真爱,2
虐死,2
神棍,2
建错,2
分漏,2
塞斯,2
BF1,2
我新开,2
克拉,2
赔偿,2
写实,2
LIVE06,2
老古董,2
9.16,2
加考,2
甩空接,2
十来球,2
補償,2
20w,2
日死,2
一坨翔,2
我果,2
4X,2
缺钱,2
1w5,2
修补,2
太令,2
脑,2
一百块,2
劳驾,2
断腿,2
實話,2
girlfriend,2
可太怪,2
痛快,2
卡特,2
评来,2
下挡,2
18live,2
imagine,2
连成,2
拜伦,2
打挡,2
1280,2
DNF,2
送胜场,2
连双鞋,2
无处不在,2
老帮,2
集于,2
吐血,2
交给,2
半米,2
神教,2
秒速,2
玩得久,2
victoire,2
北卡,2
贱民,2
陷,2
下半身,2
金凯瑞,2
教你做,2
射成,2
填补,2
人多,2
爆能,2
frustrated,2
更别,2
可真爽,2
devient,2
念力,2
不知所谓,2
Madre,2
境界,2
事与愿违,2
伊赛,2
soldi,2
螺旋体,2
basket,2
射不中,2
ร,2
2K6,2
局里,2
有过,2
ピ,2
鲨鱼,2
龟儿,2
LJ,2
委屈,2
开俩,2
能开,2
少年,2
斗智斗勇,2
咖录,2
谱,2
臃肿,2
投成,2
钱狗作,2
置身于,2
第一把,2
只点,2
中卡掉,2
dollars,2
改好键,2
临场感,2
不累,2
手速,2
讲故事,2
胜场,2
看行,2
别吞,2
蓝卡,2
球运,2
手法,2
伙伴,2
那女,2
有色眼镜,2
行行好,2
2kpc,2
违例,2
拍出去,2
重大突破,2
10G,2
抗,2
不趣,2
碰瓷,2
概莫能外,2
大手,2
明码标价,2
许许多多,2
DAS,2
挥之不去,2
昂贵,2
点要,2
PAC,2
七八十,2
连输,2
门票,2
条得,2
墙挡,2
该死,2
区别对待,2
云南,2
increase,2
别急,2
猜下,2
2k17MC,2
硕大,2
补不上,2
贱,2
lior,2
두,2
kerr,2
爲,2
堕落,2
凯尔,2
手中,2
dui,2
才切,2
voglio,2
四面八方,2
准确,2
下十投,2
职责,2
BG,2
傻逼级,2
业,2
摆动,2
十几秒,2
抓紧,2
一点半,2
敢情是,2
终场,2
短头,2
不亚于,2
咋玩,2
没加,2
上籃,2
诚心,2
门,2
起飞,2
头铁,2
闯荡,2
攻,2
运去,2
投必,2
越差,2
五五开,2
更配,2
葫芦,2
球有,2
球感,2
顶配,2
讲究,2
地进,2
变为,2
坑害,2
初,2
条连,2
lajiyouxi,2
收获,2
一点一点,2
如期,2
一概,2
说一说,2
一防,2
间隙,2
老规矩,2
场前,2
ACTIONS,2
任何人,2
顶天立地,2
唻,2
晃动,2
放开,2
pourri,2
后卡顿,2
性交,2
小看,2
百分之五十,2
失踪,2
养老院,2
不对劲,2
玩性,2
矮胖,2
抛球,2
beginning,2
地会,2
清真,2
包后,2
精神病,2
弱弱,2
呼吸,2
爽多,2
扫成,2
第一部,2
求学,2
相斥,2
保守,2
总不进,2
20mbs,2
ASDZEIJIBANANSHOU,2
怨,2
各大,2
一防五,2
徳,2
骑上,2
angry,2
变过,2
大都,2
没事干,2
6mt,2
美观,2
大坝,2
指定,2
要长,2
10M,2
间接,2
亚人用,2
诱人,2
提个醒,2
内部,2
ritardo,2
争霸,2
我麦,2
没差,2
幸运儿,2
意味,2
不算什么,2
总结性,2
滑板,2
叉,2
冰,2
残粉,2
笨蛋,2
芽儿,2
人挡,2
买额,2
鲜艳,2
净化,2
先发,2
了不起,2
完加,2
ronnie2K,2
睡觉,2
变瘦,2
cheat,2
全耗,2
看凯子,2
毫无疑问,2
精彩,2
虐到,2
留住,2
演员,2
某人,2
極爛,2
家常便饭,2
摄像,2
摘板,2
对决,2
动人,2
摧残,2
阴谋论,2
tv,2
错失,2
fk,2
后退,2
nel,2
kuai,2
权当,2
随心所欲,2
不明,2
當砸狗,2
忒,2
死循环,2
不吃,2
财路,2
双倍,2
输入,2
就耗,2
fans,2
下放,2
交友,2
表,2
原样,2
守门,2
多刷,2
板球,2
营造,2
diy,2
条有,2
没长手,2
玩炸,2
下载安装,2
破队,2
痛失,2
graduated,2
將就,2
93,2
同胞,2
直飚,2
百分之三十,2
利,2
花个,2
原地踏步,2
小偷,2
想带,2
RONNIE,2
蓋帽,2
扔给,2
捏碎,2
会不进,2
反射弧,2
就够,2
定义,2
办,2
这盆,2
第二回,2
水上,2
切球,2
冷,2
碰壁,2
liveC,2
占用,2
ة,2
规律,2
人吐,2
臭脚,2
德饭,2
街球卡,2
肝不动,2
高帽,2
感不说,2
任地,2
总掉,2
优先,2
纳斯,2
有大,2
legal,2
要手,2
配版,2
练球,2
说略,2
太飘,2
报名,2
内陆,2
就加,2
其丑,2
穿着,2
卡时,2
第一局,2
差出,2
经传,2
深度,2
插上,2
深深,2
道歉,2
接轨,2
几百点,2
选在,2
媲美,2
隐身,2
40fps,2
群里,2
近景,2
渣作,2
couches,2
机器人,2
王师傅,2
决胜,2
cao,2
走位,2
不济,2
并不多,2
一动不动,2
故事集,2
不仅仅,2
五米,2
走一遭,2
difference,2
钟才,2
克里夫兰,2
平息,2
每玩,2
update,2
升满要,2
心碎,2
我本,2
美式,2
极力推荐,2
起不来,2
품,2
王道,2
昨日,2
收起,2
街边,2
2KNMSL,2
社長,2
哪支,2
0.05,2
好蠢,2
还气,2
accelerator,2
我整,2
滴水不漏,2
吸,2
裸脸,2
笑笑,2
惹,2
难听,2
稳坑,2
退坑,2
纸糊,2
但会,2
50MB,2
憋着,2
持,2
借助,2
每人,2
However,2
清零,2
六分,2
圾,2
人格担保,2
aufsteigen,2
惊为天人,2
先出,2
撒泼,2
votre,2
维金斯,2
660,2
赛才,2
BRING,2
高才,2
我个,2
厚,2
wasd,2
称不上,2
open,2
比屎,2
正正,2
黯然失色,2
freundin,2
那脸,2
英文字母,2
之下,2
富兰克林,2
手提,2
超卡,2
贴上来,2
自认,2
vermute,2
想过,2
熬过来,2
supports,2
年销量,2
当赛,2
殴打,2
魔术队,2
纤细,2
一断,2
扭到,2
优异,2
最早,2
noyau,2
nmgb,2
倮链,2
条换,2
favourite,2
打板,2
完到,2
十分满意,2
初作,2
三思而后行,2
尔特,2
1700x,2
化简,2
输掉,2
神器,2
N2K18,2
关都,2
单指,2
挂个,2
减小,2
过年,2
好奇,2
三句话,2
好累,2
爵士队,2
面积,2
急需,2
塞克,2
辛酸泪,2
차,2
vite,2
关键在于,2
打趣,2
辛斯,2
难以置信,2
过网,2
比是,2
MLGB,2
少些,2
dont,2
远不如,2
基本点,2
少有,2
防空,2
公开,2
做劇情,2
推一波,2
找人,2
25w,2
Good,2
MMP17,2
很麻煩,2
galement,2
2ktv,2
卦,2
完要,2
蓝瘦,2
爛劇情,2
找大,2
pierwszej,2
可乐,2
籃,2
假射,2
呼声,2
开放式,2
intentionally,2
木偶,2
搞错,2
打小,2
千里迢迢,2
丑男,2
悍将,2
店里,2
别加,2
또,2
停电,2
停滞不前,2
trash,2
难多,2
看客,2
小人,2
来源,2
选择性,2
遭,2
才动,2
连脸,2
定点,2
我气,2
弹出去,2
捉摸,2
单向,2
四路,2
机箱,2
Di,2
全玩,2
表现力,2
重选,2
会顿,2
郑重,2
视觉效果,2
这界,2
妹差评,2
特煩,2
立绘,2
迎,2
动辄,2
寥寥无几,2
调难,2
沿海地区,2
派,2
ASMR,2
空洞无聊,2
正儿八经,2
評里,2
指出,2
三份,2
无以,2
来来回回,2
卡机,2
魔术,2
connections,2
滚出去,2
囧,2
聚精会神,2
再绕,2
各种类型,2
人种,2
撤步,2
灰,2
wo,2
连用,2
往前走,2
自我陶醉,2
WIN10AI,2
横移,2
九个,2
累觉,2
scum,2
长眼,2
china,2
tiempo,2
那就算了,2
Experience,2
改做,2
力点,2
只封,2
累计,2
我满,2
闪电,2
抢眼,2
上街,2
那狗,2
GTMDTWOK,2
条用,2
急速,2
3.1,2
突不,2
模版,2
丑八怪,2
不解,2
大周琦,2
Basketball,2
通道,2
充钱会,2
真玩不来,2
我下,2
四十,2
没辙,2
典藏版,2
跟随,2
居心,2
照玩,2
老看,2
他出,2
算过,2
连载,2
无效,2
捧,2
战斗力,2
战赢,2
脱坑,2
手指,2
关机,2
信心,2
admit,2
死卡,2
完键,2
月初,2
有头有尾,2
大姚,2
社保,2
29,2
兮兮,2
联防,2
等一等,2
难怪,2
背景,2
轨迹,2
biega,2
倒下,2
搏斗,2
败,2
奇慢,2
补防加,2
安稳,2
六遍,2
时说,2
公分,2
激浪,2
GAMES,2
mi,2
罗宾,2
销售,2
整些,2
mn,2
中国移动,2
game2K18,2
brandnew,2
咖玩,2
音效,2
美学,2
总行,2
老爷子,2
马龙,2
神乎其技,2
一丝,2
澄清,2
备注,2
六七十,2
两双,2
666666AI,2
游戏补丁,2
特比,2
网渣赖,2
测试版,2
工作量,2
Bryan,2
三卡,2
文档,2
射门,2
别特,2
细分化,2
天梭,2
wancheng,2
熟练,2
还强,2
接个,2
柄,2
温斯洛,2
手粘球,2
决心,2
气受,2
玩才,2
引体向上,2
来后,2
捏成,2
迫切,2
黔驴技穷,2
时强,2
Gegen,2
哔,2
PIU,2
再现,2
欲仙欲死,2
收钱,2
面补太差,2
弯路,2
支援,2
底,2
第一眼,2
妥协,2
死马当活马医,2
戴着,2
包容,2
练费,2
4170,2
情绪化,2
五官,2
页,2
流行,2
不为过,2
过裸,2
fouls,2
瓦特,2
评改,2
好突,2
顾着,2
替代品,2
得久,2
상,2
泼,2
KJ,2
水里,2
400VC,2
mycareers,2
我力,2
system,2
开玩才,2
挺服,2
钟爱,2
狗草,2
快船,2
blabla,2
舍得,2
够格,2
价格便宜,2
七十多,2
发生变化,2
犀利,2
启用,2
光刷满,2
捆绑,2
奖项,2
值不高,2
比列,2
张脸,2
恤,2
进发,2
强关,2
84,2
一笑,2
民间,2
机缘巧合,2
醒醒,2
上帝,2
Josh,2
奥姆,2
连胜,2
装过,2
64,2
设真辣,2
五星,2
dire,2
纹丝不动,2
祖坟,2
乱盖,2
笑容,2
重新认识,2
TWO,2
jeu,2
老年痴呆,2
球爹,2
护住,2
没动,2
逼手,2
不肝,2
区分,2
萌豚,2
金色,2
打崩,2
力量型,2
postgame,2
吸取教训,2
闆,2
细长,2
我冲,2
别丑,2
趟,2
刷进,2
赌,2
些许,2
别购,2
Excuse,2
model,2
更久,2
气死我,2
点评,2
ming,2
刷点,2
最舒服,2
当讲,2
捏个,2
thing,2
Win10,2
巴蒂尔,2
职业赛,2
結果,2
结账,2
吃一堑长一智,2
拖过,2
抢球,2
利益,2
目瞪口呆,2
八丈,2
JIBA,2
张嘴,2
基纳,2
上百,2
中除,2
跌跌撞撞,2
114,2
合,2
接不上,2
人特,2
用手,2
镖镖,2
满嘴,2
其余部分,2
自知之明,2
シ,2
抛物线,2
前辈,2
传达,2
官,2
球場,2
七个,2
踩,2
8g,2
rzuca,2
"
",2
SL,2
定妆,2
毫无用处,2
帅哥,2
库,2
特长,2
小队,2
不玩线,2
真蛋,2
季中,2
发微博,2
扣钱,2
怀特,2
人花个,2
出場,2
恶意代码,2
quatsch,2
2kNBA,2
开不开,2
一个箭步,2
不攻,2
多则,2
扫不出,2
匆忙,2
結局,2
赛德,2
地球,2
接都,2
必来,2
据我所知,2
花錢,2
值上,2
反观,2
靓仔,2
二缺,2
gb,2
pierwsze,2
area,2
批爆,2
别连,2
拜佛,2
劲,2
昏厥,2
出售,2
端漏,2
投篮不中,2
看尬,2
端能,2
服版,2
旧电脑,2
TP9,2
建筑设计,2
广告费,2
商场,2
已过,2
된,2
间接性,2
還有,2
進攻,2
失敗,2
凳子,2
鞠躬尽瘁,2
5W,2
再活,2
一段话,2
历历在目,2
tki,2
一趟,2
平常人,2
更让人,2
失真,2
attribute,2
西安地区,2
值去,2
极佳,2
私聊,2
随机数,2
bravo,2
枯燥乏味,2
炸掉,2
相真,2
这条,2
看点,2
按准,2
分嘛,2
太糙,2
起手,2
漏个,2
球不进,2
最令,2
估摸,2
我场,2
重新安装,2
昨天晚上,2
彩虹六号,2
特娘,2
灭,2
看人出,2
假话,2
眼镜,2
显示屏,2
1060ti,2
KD96,2
下個,2
肝得,2
LIVE19,2
集体,2
首轮,2
短裤,2
10.1,2
rsngm,2
buying,2
钱德勒,2
小破,2
鄙视,2
克莱,2
街景,2
过开,2
人满,2
隊友,2
脚丫子,2
冷笑,2
安慰,2
中学生,2
雨,2
詹,2
被单,2
越变,2
rnmmp,2
一大半,2
值有,2
從,2
畜牲,2
锁国,2
抱球,2
必殊,2
蕉,2
白板,2
贫富差距,2
laji18,2
可取,2
桑梓,2
宿舍,2
枯燥无味,2
2.06,2
说道,2
有理,2
attaque,2
长大,2
踢掉,2
十二点,2
lugar,2
划不来,2
这时候,2
蠢爆,2
三四年,2
十来天,2
街球会,2
plz,2
LIVE07,2
Sham,2
courir,2
100000VC,2
呦,2
感是,2
安逸,2
閃退,2
算久,2
和平,2
脸射烂,2
无需多说,2
不然的话,2
代表,2
非科蜜,2
体育馆,2
令人叹服,2
手机软件,2
但持,2
享用,2
gtx770,2
楼下,2
十字键,2
写本,2
DuangDuangDuang,2
穿人过,2
mission,2
平移,2
四犯,2
两种,2
越深,2
大秧歌,2
我多花,2
空空荡荡,2
球必,2
expect,2
早晨,2
Ragazza,2
言谈举止,2
炫酷,2
挪,2
切都切,2
唾骂,2
se,2
刷新率,2
620,2
980Ti,2
协会会长,2
党上,2
rateur,2
忠心,2
老人,2
感叹,2
单挑,2
榨干,2
糊糊,2
第一段,2
最有,2
人干,2
没输,2
把头,2
封用,2
得心应手,2
后台,2
2333331,2
PRO,2
数不清,2
decir,2
老毛病,2
皱眉,2
relay,2
习惯性,2
鬼片,2
先花,2
分压,2
努基奇,2
叒,2
啦啦队,2
一补,2
虚空,2
无吞,2
不太掉,2
reddit,2
顾及,2
扣过,2
非常适合,2
번,2
玩惯,2
最多拿个,2
第几次,2
设好,2
参半,2
做起,2
향,2
生化,2
兴头上,2
乍一看,2
寸步难移,2
rednio,2
版有,2
肝要,2
莫兹,2
现实情况,2
durante,2
女孩,2
两度,2
maman,2
店员,2
能绕,2
更少,2
在意,2
望卡,2
勤快,2
玩不来,2
作难,2
摆出,2
开成,2
card,2
先人,2
制霸,2
手机短信,2
刺,2
再往,2
爽爽,2
混吃,2
一倍,2
request,2
Jouer,2
枪,2
想不出,2
想爽,2
引以为鉴,2
导入,2
earned,2
猛料,2
楼上,2
无理,2
超好,2
扣成,2
光买,2
最低谷,2
垫脚,2
凭空,2
莫,2
模子,2
love,2
地来,2
输进,2
blahblahblah,2
顶得住,2
赛间,2
原版,2
dutzende,2
喷出,2
冲锋,2
版连,2
即将,2
发个,2
Jugar,2
生怕,2
封盘,2
paint,2
SHITY,2
档升,2
没吊用,2
{,2
一股,2
serwera,2
多想,2
빨,2
断断续续,2
怜悯,2
各执一词,2
地區,2
周琦等,2
九,2
别一,2
营销,2
攒钱,2
少得,2
但同,2
卡好位,2
一假,2
psn,2
100mbs,2
PIECE,2
同情,2
逼烂,2
江硬,2
奇想,2
三鹿,2
玩一至,2
视而不见,2
憋不住,2
删个,2
太失准,2
XJP,2
大片,2
10161718,2
为的是,2
100mWi,2
义愤填膺,2
排好,2
第三点,2
五秒,2
라,2
过闪退,2
不来,2
敏捷,2
street,2
维特,2
增强版,2
装饰,2
很漂亮,2
paitience,2
皮球,2
广州地区,2
评率,2
考辛斯,2
大开眼界,2
玩不动,2
差想,2
k13,2
肝到,2
真相,2
撒有,2
不太爽,2
慢到,2
bloku,2
隐秘,2
找钱,2
还加,2
赘述,2
高高大大,2
给力,2
之分,2
兴叹,2
骚韦,2
优越感,2
角度看,2
design,2
刚上,2
980TI,2
判别,2
字数,2
主板,2
但离,2
能教下,2
之慢,2
LOVE,2
梦之队,2
奶奶,2
公里,2
天高皇帝远,2
拔起来,2
ข,2
一碗,2
基本相同,2
家门,2
function,2
naizi15,2
病,2
传导,2
给我发,2
廉价,2
换装,2
一不防,2
最特,2
店铺,2
图姆,2
模拟游戏,2
恳求,2
报废,2
两周,2
宫斗,2
好伐,2
一时半会,2
归根结底,2
程式化,2
还算蛮,2
星球,2
颠三倒四,2
宫廷,2
进出,2
突必过,2
四年,2
扣半管,2
减掉,2
不管三七二十一,2
坑波,2
Everytime,2
社交互动,2
bar,2
自重,2
从古至今,2
solved,2
鞋架,2
一个多月,2
堵车,2
丑长,2
大厂,2
这准,2
回來,2
大改,2
半点,2
无太大,2
后百,2
能选,2
特训,2
recharge,2
proiezione,2
用差,2
刚配,2
戒掉,2
一逼要,2
位于,2
종,2
内存条,2
史蒂夫,2
肿,2
不清,2
爽玩,2
发短信,2
机能,2
挤过,2
有度,2
污染,2
斗牛,2
결,2
评语,2
后绿军,2
抢占,2
队后,2
几行字,2
西瓜,2
盯死,2
contra,2
............................................................................................................................................................,2
签了,2
迷惑,2
杯水车薪,2
参与,2
开爆,2
只会放,2
半秒,2
Us,2
找些,2
滞后性,2
my2k18,2
删完,2
圣安地,2
库连,2
2s,2
Schloss,2
大言不惭,2
最赞,2
买下来,2
几十场,2
鼓起来,2
胡,2
恨不得,2
王八蛋,2
绝壁,2
COMPENSATION,2
IS,2
简中,2
常见,2
寂寞,2
讲早,2
7700HQ,2
多下,2
还放,2
硬来,2
mo,2
tounimade,2
开服,2
顶替,2
畜生,2
end,2
这代升,2
更长,2
锅里,2
闲工夫,2
现,2
一万倍,2
分离,2
贾巴尔,2
主副,2
斯托克顿,2
享有,2
透明化,2
涉及,2
合集,2
絮絮叨叨,2
시,2
幺,2
PS2,2
上时,2
加重,2
全部内容,2
Alando,2
十秒,2
奇兵,2
Ｃ,2
耳闻,2
婴幼儿,2
悬,2
haben,2
亏死,2
GTX1050,2
各打,2
传来传去,2
阿迪鞋,2
173,2
仔,2
拆反,2
109,2
换壳,2
拉扯,2
右摇,2
ordures,2
年老,2
提女主,2
女主长,2
好斗,2
502,2
批判,2
稀巴烂,2
少部分,2
毛边,2
1.2,2
11mb,2
打得火热,2
LAOZI,2
真辣鸡,2
bogowie,2
苟,2
严苛,2
护肘,2
再卡,2
我配,2
星标,2
代不,2
籃球,2
完卡牌,2
骂娘,2
Wiggins,2
ataque,2
送個,2
湖凯,2
包月,2
UBI,2
绿宝石,2
人球,2
打人,2
再发,2
结束任务,2
一竿子打,2
只加,2
只调,2
¿,2
0.00,2
mac,2
臭批,2
数年,2
吃顿,2
个人资料,2
接班,2
铁得,2
孩子,2
衔接,2
富尼耶,2
开铜卡,2
一逼得,2
汤,2
日系,2
天选之子,2
店大欺客,2
永久性,2
七十,2
真挺,2
用于,2
不包,2
幸亏,2
本当,2
吹得,2
很近,2
见谅,2
秉持,2
试完,2
橄榄球,2
穿框,2
百科,2
yo,2
佛,2
考究,2
neck,2
乖乖,2
瘦小,2
看卡成,2
wrong,2
第二篇,2
认可,2
太过火,2
violation,2
出身,2
赢取,2
挣点,2
言表,2
基好,2
死档,2
快传,2
伪沙盒,2
条反,2
得益于,2
轻信,2
RS,2
眼泪,2
广告色,2
女权,2
想防,2
圆,2
anche,2
整再,2
四星,2
好容易,2
往返,2
十,2
這些,2
网卡,2
扣税,2
不跑位,2
界定,2
牙,2
你球,2
maj,2
分到,2
反应时间,2
开包,2
4B538E50,2
啰啰嗦嗦,2
从此以后,2
远古时代,2
捆,2
大姨妈,2
吃老本,2
上作,2
指导,2
重调,2
糙,2
左,2
被球,2
老大爷,2
USER,2
Air,2
办不到,2
刺客,2
交税,2
想方设法,2
小连招,2
汉子,2
祈祷,2
求助,2
只到,2
扭曲,2
钓个,2
要进,2
十几场,2
2W,2
整队,2
对局,2
就略,2
腰包,2
贵成,2
真爽,2
玩弄,2
两家,2
這样,2
呐面,2
谜,2
难忍,2
稍贵,2
堵到,2
nb,2
技战术,2
In,2
一带,2
荣誉,2
嗑,2
主街,2
2k1,2
绑,2
冲向,2
万能,2
斤,2
超高,2
Schlag,2
这根,2
突兀,2
竟是,2
NEVER,2
能看懂,2
保健,2
万多,2
PG13,2
这代有,2
烦恼,2
不愁,2
干死,2
赢个,2
审美疲劳,2
7700k,2
👍,2
吸毒,2
口中,2
穷人,2
怕怕,2
封到,2
存檔,2
mam,2
逃跑,2
多字,2
好晃,2
sans,2
出了名,2
连去,2
改把,2
大S,2
猛锤,2
图慢,2
集合,2
skip,2
讲话,2
优质,2
东亚人,2
连件,2
逛逛,2
显眼,2
莫非,2
绝版,2
secondi,2
空阔,2
三四十,2
抓起,2
刷个,2
进一球,2
多半会,2
guy,2
球空,2
烫头,2
好卡好,2
pass,2
32,2
1050ti,2
어,2
好几场,2
有卵用,2
x3,2
评选,2
一换,2
神马,2
Secondo,2
会变,2
闭嘴,2
赶走,2
丹尼,2
发育,2
没有碰过,2
参杂,2
高塔,2
贴近生活,2
能顶,2
刚拿球,2
跑步机,2
稍逊,2
能出,2
主力军,2
kosza,2
打大,2
2003,2
老生常谈,2
GTA5,2
演播室,2
名目,2
妈来,2
是非,2
变向,2
Schnell,2
默剧,2
相差无几,2
奇烂,2
新出,2
读取数据,2
一伤,2
熬过,2
适量,2
转眼间,2
Verz,2
1k,2
服差评,2
极少,2
受益,2
七百多,2
演技,2
垫底,2
那升,2
9.254,2
赏,2
电费,2
起起伏伏,2
F2k,2
升天,2
seconds,2
灰心,2
tirando,2
好模,2
奇高,2
假设,2
白费,2
Pay2Win,2
有数,2
蒸发,2
破旧,2
敢信,2
俄罗斯,2
尖嘴猴腮,2
五波,2
神神秘秘,2
推测,2
条要,2
值能,2
FXXKING,2
86G,2
特惠,2
自买,2
建的模,2
匿踪,2
选拔赛,2
Dire,2
爱好,2
试验品,2
拆靠,2
盲罚,2
磨砂,2
说来惭愧,2
每出,2
慢吞吞,2
风向,2
脸黑,2
射进,2
人堆,2
再租,2
飞奔,2
黄金时代,2
火力,2
絕殺,2
韦,2
眼瞎,2
每加,2
特塞德,2
打广告,2
效力,2
转眼,2
别选,2
无有,2
施罗德,2
点下,2
抵触,2
youxi,2
完话,2
巨人,2
一屁儿,2
成就,2
不太讨喜,2
一玩滴,2
丝微,2
管特,2
漏出,2
抢吃,2
查尔斯,2
圈成,2
優選,2
鎖,2
精疲力竭,2
蜘蛛侠,2
sekund,2
骚尼,2
开喷,2
设立,2
周琦面,2
魔兽,2
刚用,2
1000VC,2
替换,2
溜冰场,2
较慢,2
拆要,2
并入,2
カ,2
十分之一,2
奇奇怪怪,2
倍,2
像陀翔,2
链不上,2
装满,2
Vera,2
茅坑,2
瞎说,2
卡点,2
我和球,2
cara,2
丢钱,2
咋咋呼呼,2
见风使舵,2
chets,2
昏暗,2
滴水,2
名气,2
107,2
毛发,2
人墙,2
张胆,2
偷盗,2
会接,2
假对,2
走走,2
渣滓,2
补防后,2
不安,2
当换个,2
chinesischen,2
代价,2
nic,2
这屎,2
全说,2
顺势,2
违反,2
左看,2
明白人,2
出神入化,2
玩得动,2
滑出,2
吹毛求疵,2
弹无虚发,2
气场,2
没走心,2
稍晚,2
鸣不平,2
不经,2
实实在在,2
逼得,2
主流,2
可操作性,2
Asians,2
走出,2
一地,2
白玩,2
瘦成,2
背离,2
Low,2
buckle,2
传得,2
动脑子,2
Schmied,2
提吞,2
照比,2
宫斗剧,2
公民,2
beginnt,2
GLMLBD,2
splendid,2
版威少,2
研发,2
劝先,2
操控性,2
韦斯特,2
大幅度提高,2
好烦,2
管用,2
swear,2
硬突,2
屡见不鲜,2
只教,2
灌,2
看不清楚,2
加错,2
路标,2
既有,2
2k20,2
钱扣,2
天马行空,2
欢笑,2
常有,2
美帝,2
地域,2
后脑勺,2
磕到,2
紧凑,2
雇来,2
一桶,2
发掉,2
光玩,2
累不累,2
冉冉,2
最美,2
运个,2
加倍,2
控卫前,2
岂,2
组给,2
拼写,2
私人,2
Win7,2
弃,2
拍球,2
顺利,2
按住,2
째,2
症,2
加載,2
多功能,2
皮肤,2
Luogo,2
二十次,2
某种程度,2
尺寸,2
标题,2
大乱斗,2
쇼,2
反响,2
某讯,2
敌我,2
加完,2
教学内容,2
时好,2
周边,2
resultados,2
收藏,2
舞,2
位落,2
爆种,2
相差,2
我度,2
软肋,2
黏土,2
会慢,2
极难,2
小组,2
多来,2
球塞,2
拯救,2
甩出,2
邻居,2
帕楚里亚,2
juego,2
奋力,2
太快,2
毛巾,2
ย,2
祖国,2
各位朋友,2
主推,2
G3,2
人会开,2
说不上,2
街球王,2
按断,2
包含,2
石乐志,2
反差,2
制裁,2
就弃,2
無非,2
面补则,2
最会,2
过会,2
不相干,2
MY,2
不太给力,2
狗刨,2
人守,2
难弄,2
몇,2
颜,2
里场,2
剪头发,2
promozione,2
四大,2
每开个,2
欧美人,2
Fix,2
正規版,2
正当,2
一接,2
扛,2
小事,2
打脸,2
cari,2
幾個,2
low,2
压低,2
ミ,2
发小,2
按得,2
鼻子尖,2
越无解,2
episodio,2
打点,2
无所不能,2
附属性,2
球赛,2
心塞,2
一集,2
真快,2
下课,2
恁,2
妈笔,2
冉冉升起,2
两圈,2
关联,2
给国,2
留给,2
让你在,2
双挡,2
悬念,2
气个,2
同款,2
太贵,2
人时,2
Andrew,2
刚建,2
广东,2
演出,2
一代代,2
合成,2
觉悟,2
celestial,2
底脚,2
real,2
CP,2
一大步,2
sbGTX,2
嗎,2
回独显,2
全扭,2
聊斋志异,2
Time,2
有句,2
大屏幕,2
次款,2
主力,2
Zona,2
天花乱坠,2
对称,2
心心念念,2
妈妈,2
衡量,2
叫好,2
粘球,2
铜牌,2
171615131211100908,2
咬牙,2
MLB2K,2
寸步难行,2
掰,2
转行,2
dziewczyna,2
出新,2
迫于,2
ッ,2
抖屏,2
熬,2
拉丁人,2
法国,2
笑了笑,2
场内,2
群众,2
工程,2
reconnecting,2
值太低,2
这招,2
勾,2
GE62,2
扭扭,2
卡尔,2
접,2
一垃,2
帕森斯,2
篮球场,2
cia,2
他特,2
电脑报,2
没比,2
使个,2
神补防,2
大逃杀,2
拆时,2
冲上,2
差爆,2
虐成,2
怀,2
文本,2
NMBYY,2
MoDo,2
时用,2
提个,2
间谍,2
真好,2
declined,2
死心,2
尼,2
独一无二,2
全键,2
男人,2
废档,2
削减,2
迫使,2
新奇,2
单一,2
一刷,2
Boss,2
算负,2
露出,2
渤,2
真坑,2
比买,2
笑一笑,2
很久没,2
高举,2
convirti,2
责不罚,2
렇,2
丢雷楼,2
变味,2
应有尽有,2
玩要,2
过人后,2
低端,2
脸丑,2
得入,2
tmd2K,2
挫败,2
事实上,2
捡起来,2
裡面,2
别买别,2
犯下,2
一拿球,2
浪逼,2
画得,2
硬干,2
马个,2
游戏厅,2
难连,2
面补花,2
悲哀,2
乌龙,2
补救,2
一过,2
原来如此,2
差得远,2
didn,2
玩累,2
侏儒,2
水塔,2
想练,2
出戏,2
那迷,2
凉,2
graj,2
压着,2
blocage,2
忍耐力,2
中线,2
从里到外,2
我情,2
补防大帽,2
Tempo,2
助兴,2
想念,2
延遲,2
裸玩,2
否定,2
单是,2
稳,2
恶,2
之旅,2
官網,2
understand,2
或帕,2
别防,2
做国服,2
Computer,2
弊,2
两位,2
恰巧,2
可定,2
两侧,2
仔细阅读,2
垂直,2
全飘,2
十兆,2
べ,2
大独,2
列斯,2
工作组,2
呐喊,2
point,2
老太太,2
施工,2
DEAD,2
董秋迪,2
逼死,2
我太忙,2
好转,2
1080Ti,2
信誓旦旦,2
震,2
输出,2
时撞,2
真拿着,2
LOGO,2
撩,2
竹节虫,2
黯然,2
防我們,2
包吞钱,2
玩出来,2
三四米,2
efeb30c,2
铅块,2
立体,2
引人,2
行行行,2
宝贝,2
成神,2
太早,2
明,2
戆卵,2
偷偷,2
三五分钟,2
蹦蹦跳跳,2
不卡顿,2
霸占,2
飛,2
160,2
faisant,2
h,2
感差,2
181,2
隐藏,2
半数以上,2
时玩,2
Gute,2
顶不动,2
発,2
vincitore,2
女球迷,2
科夫,2
10000VC,2
点力,2
质感,2
糊脸,2
一万年,2
残废,2
登记,2
换位,2
值来,2
人身,2
强壮,2
2G,2
56d85bb8,2
那买,2
一作弱,2
咨询,2
特地去,2
高分,2
不以,2
框,2
损失,2
锻炼身体,2
完一,2
Non,2
评差评,2
15W,2
下跌,2
幽默,2
Ergebnisse,2
过键,2
debiut,2
2333,2
几十次,2
连改,2
女侠,2
三天两头,2
點有點,2
能到,2
值贵,2
99999,2
好几,2
非酋,2
深夜,2
还辣鸡,2
七十多个,2
邮箱,2
世代,2
매,2
56,2
绿间,2
滥竽充数,2
地无球,2
限,2
莫得,2
心血,2
corri,2
っ,2
行不行,2
2332k,2
第四代,2
难如登天,2
连不连得,2
催着,2
小屁,2
永久,2
迅游,2
这比,2
美队,2
远大于,2
大红,2
略差,2
热切,2
五六十,2
有所提高,2
hit,2
各队,2
路途,2
拜,2
摇篮,2
玩不起,2
Cola,2
此时此刻,2
照镜子,2
五六分钟,2
不怪,2
这代扫,2
出入,2
成狗,2
而论,2
飘过,2
2k17low,2
二三十万,2
活久见,2
呼,2
封面人物,2
年年如此,2
赶上,2
损,2
電腦,2
里开,2
脸皮,2
路由器,2
挺长,2
I5,2
3a,2
六个,2
主客场,2
值为,2
终场哨,2
地儿,2
半空中,2
直截了当,2
多此一举,2
定价,2
😎,2
stay,2
酒,2
短短的,2
版上,2
第一遍,2
吸走,2
盖到,2
黄皮肤,2
枣玩蛋,2
前列腺,2
幸幸,2
跳不高,2
Hanno,2
一夜,2
狗皮膏药,2
司机,2
箱子,2
配套,2
喝杯,2
一毛,2
널,2
那天,2
MOTHER,2
特质,2
没补防,2
Mavs,2
义务,2
进篮,2
快慢,2
不见得,2
架社,2
一万种,2
绚丽,2
爆粗,2
要特,2
不仅如此,2
韩国,2
7.20,2
難度,2
GB,2
呆滞,2
八十,2
真真正正,2
chin,2
用大,2
NBA2K18online,2
剩快,2
次不进,2
雄鹿队,2
顏射,2
Solo,2
记分牌,2
不得而知,2
一万五,2
可选择性,2
条作,2
瞎搞,2
说辣鸡,2
血,2
拖拖,2
平滑,2
7700K,2
本子,2
change,2
老师,2
.....................,2
三中,2
趴在,2
超常,2
waitng,2
几款,2
coul,2
指引,2
倍数,2
档年,2
矫正,2
身前,2
舔着,2
最低价,2
심,2
一百次,2
赚法,2
每换,2
手伸,2
一万,2
妈哟,2
119,2
丢脸,2
死板,2
dioses,2
搜集,2
手一,2
来得及,2
挡不住,2
加内供,2
progress,2
ShxT,2
墙壁,2
蛾子,2
劲儿,2
pelota,2
尷尬,2
难以忍受,2
流弊,2
魔高一丈,2
太手,2
少之又少,2
fois,2
打惨,2
这代太水,2
补上,2
回味,2
不错呀,2
竞争对手,2
推到,2
哥斯拉,2
浮肿,2
扭伤,2
光整,2
分差,2
购加,2
科沃,2
多为,2
原画,2
上百万,2
被控,2
响之时,2
动漫,2
不好不坏,2
提换,2
用塔,2
黑头发,2
CNMD,2
前先,2
Geld,2
没多久,2
一千次,2
一条街,2
wollte,2
光线,2
瘾,2
小钱,2
抢个,2
狂奔,2
前戏,2
段,2
在座,2
MY18,2
磁体,2
诠释,2
人强,2
一步到位,2
配色,2
維權,2
isn,2
楼,2
从今以后,2
Ho,2
消除,2
加进,2
這輩子,2
segundos,2
冲冲,2
完读,2
6.8,2
收容,2
电脑配件,2
祝你们,2
驼背,2
奇怪的是,2
prawdziw,2
交不起,2
注,2
超时,2
挺值,2
折返跑,2
2Kteam,2
败给,2
QNM,2
毁灭,2
195,2
版块,2
NETS,2
飞天,2
开全效,2
大脚,2
平筐,2
拆必,2
飞吉尔慢,2
NMMP,2
powiedzie,2
温州,2
必吞,2
ET,2
鼻,2
敢情,2
forward,2
SSR,2
cast,2
当钱花,2
2klaji,2
angriff,2
初始状态,2
加掉,2
sin,2
男性,2
充足,2
小说,2
比赛结果,2
三点一线,2
特写镜头,2
特例,2
网玩,2
我见,2
骗规,2
侧重,2
打的好,2
巴特勒,2
加价,2
三四千,2
吹个,2
百投不进,2
本作里,2
门槛,2
nimamaipi,2
走过场,2
分流,2
刀球,2
钱包,2
巨脑,2
队史,2
分玩起,2
软绵绵,2
速变,2
头皮发麻,2
睡着,2
zwyci,2
模样,2
完成度,2
人士,2
男默,2
초,2
early,2
签名,2
感冒,2
人刚,2
手一伸,2
脚跟,2
不中后,2
从开,2
多样性,2
只顾,2
优于,2
开刀,2
ゅ,2
年龄,2
hear,2
急死了,2
虐板,2
不闪退,2
真少,2
晚传,2
就联,2
本本分分,2
直直的,2
ิ,2
游戏音乐,2
reviews,2
实,2
焕然一新,2
基尔,2
ein,2
起身,2
压抑,2
2k2k18,2
交叉,2
能行,2
点燃,2
自以为是,2
见证,2
眷顾,2
通病,2
contest,2
sb9,2
那领,2
那个游戏,2
买卖,2
数老,2
릴,2
100VC,2
会卡到,2
单吃,2
麦蒂,2
向来,2
换人,2
恢复正常,2
缩小,2
大众化,2
滴妈,2
加运,2
住手,2
不是太好,2
年作,2
beschleuniger,2
lanciare,2
天亮,2
BULL,2
浓眉大眼,2
imagin,2
著称,2
bought,2
紧咬,2
好强,2
JY,2
耗尽,2
ぶ,2
锁死,2
某地,2
长寿,2
顺眼,2
真美,2
一干二净,2
第一批,2
备份,2
老本行,2
Stra,2
巨兽,2
lore,2
先差评,2
没拿成,2
directement,2
TXT,2
牙膏,2
6m,2
6700k,2
j8,2
年头,2
作跑位,2
Malignant,2
很值,2
要不得,2
一成不变,2
创时,2
威少伤,2
不播,2
要锁,2
就楼,2
黄色,2
二年级,2
不吝赐教,2
完过,2
自行,2
body,2
遭报应,2
调个,2
空洞,2
周末,2
能刷,2
选低,2
举重,2
点卡,2
吃完饭,2
legendary,2
각,2
包围,2
同志,2
一坑,2
骑黑,2
由内而外,2
臭嘿,2
這麼,2
资质,2
tanto,2
UB,2
值变,2
寅子,2
现阶段,2
对味,2
MyNBA2k18,2
定律,2
妥妥,2
球键,2
申诉,2
侵人,2
能别,2
惭愧,2
这货,2
pieni,2
形象,2
地烂,2
를,2
冒险,2
长此以往,2
每一,2
耗在,2
卡哭,2
服装道具,2
cnm2k,2
犟,2
奇迹,2
下凡,2
越來,2
上人,2
我线,2
嘴脸,2
慢起来,2
双手,2
一心一意,2
能忍,2
篮球馆,2
基准,2
龙,2
8.4,2
XJBD,2
错信,2
爽到,2
好收成,2
悉尼,2
点前,2
传回,2
R9,2
forgeron,2
分进,2
挤爆,2
三四次,2
想换个,2
措,2
从进,2
弃坑,2
绳,2
粘人,2
简洁,2
福克,2
哄,2
两队,2
傻娘们,2
大学生,2
That,2
跟头,2
越走越远,2
穿墙,2
再接再厉,2
阿迪粉,2
酱油,2
玩下,2
TT,2
임,2
新版,2
比较严重,2
远看,2
看多,2
翻译成,2
修小补,2
退让,2
能改,2
献上,2
上衣,2
缓存,2
保护意识,2
领,2
难吃,2
充值卡,2
没良心,2
做戏,2
真能,2
没指望,2
分太,2
原理,2
诧异,2
掷骰子,2
活过来,2
看样子,2
上場,2
运镜,2
heures,2
广东电信,2
duda,2
国内外,2
历年,2
提街,2
伤身,2
紧逼,2
比蓝洞,2
收紧,2
降价,2
ub,2
暂,2
扔出来,2
年强,2
所赐,2
Finally,2
抬举,2
大头鬼,2
有钱人,2
NIKE,2
DMZ,2
正题,2
red,2
逗比点,2
promoted,2
下载量,2
翻来覆去,2
区转,2
温度,2
后半场,2
非绿,2
钱财,2
太阳队,2
enjoy,2
方向感,2
整容,2
过掉,2
精髓,2
定到,2
杀手,2
과,2
下球,2
堆,2
买下,2
还断,2
わ,2
端出,2
比凤姐,2
晃人,2
201,2
刷起来,2
recommended,2
dziesi,2
还手,2
六百,2
Well,2
塞进,2
备个,2
差一点,2
talk,2
选曲,2
小气,2
加拿大,2
排除,2
刚下,2
明天,2
哨响,2
拨片,2
FxxK,2
物化,2
Allen,2
意外,2
一卡通,2
工叫,2
作要,2
versionF,2
骗得,2
严重破坏,2
四倍,2
junior,2
optimization,2
秉承,2
basketballi,2
不轻,2
艾蜜,2
可用,2
我妈,2
secondes,2
开开,2
期望值,2
抢断王,2
金主,2
文身,2
玩干,2
抱团,2
球飘,2
近身,2
洗洗,2
外国佬,2
放在心上,2
推着,2
封禁,2
越重,2
全时,2
还少,2
悲剧,2
男,2
张立绘,2
加难,2
一作会,2
空虚,2
挺慌得,2
人王,2
超远,2
正义,2
实装,2
多传,2
换上来,2
房,2
NMD,2
下一作,2
猛,2
听天由命,2
特別,2
attacco,2
浮,2
球童,2
内地,2
天分,2
公布,2
趋势,2
mom,2
完嘛,2
6GB,2
disadvantages,2
不卖,2
灵时,2
极好,2
里夫斯,2
来势,2
出车祸,2
弟弟,2
手是,2
不太熟悉,2
汉口路,2
胡乱,2
用力,2
网络线,2
我空接,2
窄,2
数不胜数,2
连试,2
DB,2
撅,2
封神,2
黑光,2
硬逼,2
好几轮,2
学会,2
当玩起,2
ulicach,2
pretty,2
延,2
199RMB,2
一推,2
superstar,2
多自,2
划掉,2
尝鲜,2
头太大,2
pido,2
拿点,2
一中,2
妄,2
充气,2
xiale,2
课金,2
说穿,2
攻守,2
整出,2
条不说,2
IMM,2
弱侧,2
只得,2
傻逼城,2
It,2
骨灰级,2
처,2
要入,2
评不带,2
替身,2
随时随地,2
几百个,2
标铁狼,2
honest,2
커,2
诈尸,2
我手,2
没车,2
接完,2
本句,2
唐,2
没来由,2
Racists,2
XBOX1,2
嘻嘻,2
cobrar,2
惊心动魄,2
normalne,2
不過,2
解雇,2
塌,2
愿不愿意,2
nmdppx,2
福利,2
打莫明,2
2K19OL,2
慢一拍,2
5000MT,2
我离,2
跳起,2
东单,2
漂投,2
打招呼,2
流氓软件,2
动弹,2
Kernel,2
手贴,2
К,2
绿色版,2
這代,2
不幸,2
盒,2
球到,2
有所作为,2
全款,2
2w,2
ost,2
投偏,2
香,2
Internet,2
更上一层楼,2
商品,2
teammates,2
某项,2
애,2
相令,2
比赛场地,2
强太多,2
得意,2
慢悠悠,2
分类,2
3000VC,2
我主,2
认出来,2
运了,2
呆,2
這個,2
称号,2
松开,2
人能,2
洗脚水,2
篮球梦,2
retard,2
国家,2
不给续,2
ш,2
我求,2
八十米,2
时侯,2
wide,2
一醒,2
心平气和,2
洒家,2
LOL,2
早发,2
抓不住,2
不输,2
网战卡,2
Sherry,2
高调,2
十几万,2
太浪,2
差卡成,2
填坑,2
y,2
认定,2
会卡成,2
分数,2
选取,2
语文,2
税扣,2
愈发,2
单体,2
吸过去,2
输给,2
直面,2
很早,2
极大,2
千年,2
宽度,2
傻瓜,2
像头,2
rok,2
求问,2
一碰人,2
进门,2
K14,2
stuffs,2
非肝,2
布鲁克,2
zone,2
折用,2
下才,2
清洗,2
K9,2
上纲上线,2
顶住,2
东倒西歪,2
MIN,2
选边,2
people,2
English,2
沾,2
veux,2
finish,2
蛇,2
已知,2
毅力,2
奔跑,2
电话,2
开放性,2
64g,2
手表,2
120,2
分种,2
防御,2
预载,2
评是,2
语音卡,2
godzin,2
裤子,2
不可思议,2
TMAC,2
じ,2
yan,2
节奏感,2
nombre,2
一晃,2
機會,2
依我看,2
富有,2
름,2
新大陆,2
建成,2
皮蓬,2
别逗,2
挺高,2
清晰可见,2
塞进去,2
瓦日,2
调试,2
2K7,2
频道,2
中午,2
地花,2
让你玩,2
四分钟,2
路径,2
ojbk,2
发言权,2
找图,2
女版,2
冲到,2
4G,2
鱼小虾,2
物理学,2
煽动,2
行列,2
neighborh,2
参考性,2
响头,2
肌肉,2
纵欲,2
唯独,2
中一,2
点好,2
好几把,2
太紧,2
铁定,2
透透,2
烫,2
喊声,2
ANY,2
比玩,2
功利,2
还卡顿,2
他俩,2
高得,2
mejora,2
布鲁克林,2
太天真,2
壶,2
好家伙,2
防挡,2
控卫过,2
Frei,2
扒,2
耳目一新,2
人理,2
好戏,2
还木有,2
评助,2
疲惫,2
Roll,2
少比,2
位用,2
太累,2
奥胖变,2
巴拉德,2
说来说去,2
easily,2
两把刷子,2
退役,2
第一版,2
骂骂咧咧,2
非官方,2
截图,2
全扣,2
高气扬,2
开赛,2
尽力,2
NBA2K11,2
几张,2
神作,2
undrafed,2
球时,2
wydaje,2
主旨,2
那么回事,2
稳定版,2
年爛,2
新西兰,2
真贱,2
时装,2
无感,2
无限大,2
醒,2
改完,2
改革,2
一百多,2
弹窗,2
我放,2
刚过,2
率极,2
率太高,2
便是,2
夹防,2
court,2
弄弄,2
少量,2
Rodney,2
修修补补,2
丑行,2
骚气,2
911,2
绑带,2
中国式,2
这想,2
尔虞我诈,2
1W,2
摸不透,2
下贱,2
满天,2
明加,2
shots,2
分必进,2
带套,2
deserves,2
值得纪念,2
反反复复,2
nvidia,2
猪脚,2
peut,2
弹出来,2
女主人,2
瑜,2
230,2
choose,2
讨喜,2
残酷,2
中文翻译,2
贱买,2
三级,2
达成,2
内测,2
十有,2
比一七,2
大劲,2
违和感,2
铅,2
bai,2
第几代,2
ل,2
威尔,2
午饭,2
썩,2
快给我,2
火影,2
痘痘,2
买卡包,2
分能,2
运动战,2
友情,2
评先,2
载买,2
杀伤,2
强如虎,2
能要,2
negative,2
小卡顿,2
2000,2
gespielt,2
最耐玩,2
高潮,2
投党们,2
dans,2
认认真真,2
仓促,2
盘不动,2
auf,2
19.99,2
可靠,2
评祝,2
充个,2
球断,2
摆着,2
算好,2
传到,2
zamek,2
신,2
线卡,2
制导,2
吃枣,2
伟达,2
命,2
贴合,2
用用,2
mamo,2
忍耐,2
两行,2
一壶,2
SKIP,2
智者见智,2
分卡到,2
那個,2
一档,2
找茬,2
吊锤,2
炸锅,2
match,2
弹掉,2
加强版,2
谈何,2
一盆,2
歌好,2
黄车,2
错一格,2
目的性,2
If,2
瞪,2
一号,2
方时,2
cnm2K,2
快速反应,2
太肝,2
锁人,2
曰,2
第一份,2
欧服,2
报答,2
大幅度,2
心寒,2
为难,2
娶,2
不离,2
单项,2
直连别,2
几句话,2
sultat,2
长达,2
哗啦啦,2
高级,2
狂潮,2
反应迟钝,2
放不进,2
vez,2
这两项,2
3M,2
SB2K,2
nan,2
人待,2
fn,2
无言,2
完街球,2
三连,2
进是,2
seconda,2
要死要活,2
战人,2
吖,2
acceleratore,2
版比,2
忍着,2
空白,2
要个,2
4.199,2
一站,2
音乐室,2
Capo,2
喷滚,2
没多大用,2
四代,2
版超,2
大个,2
方正,2
一肚子,2
舍弃,2
Stuckey,2
上千,2
收入,2
真大,2
跳過,2
尾气,2
本真,2
core,2
上课,2
值升,2
工资水平,2
个脑,2
犯不上,2
极力,2
dat,2
小头斯玛特,2
面补弱,2
十月份,2
二回,2
前有,2
尸体,2
6M,2
shang,2
地看,2
拉塞尔,2
臭长,2
陨落,2
晋级,2
gioco,2
品牌,2
下服,2
成五,2
置,2
未找到,2
efeab30c4b538e502K,2
大流氓,2
打满,2
tter,2
感知,2
山区,2
明智,2
芋头,2
ZIZIC,2
网裸,2
挺慢,2
鸡汤,2
头好,2
劝住,2
动作游戏,2
喵,2
站着不动,2
老虎机,2
短时间,2
t2k18,2
导向,2
没话,2
国际惯例,2
優化,2
那份,2
四五万,2
引证,2
kinds,2
分化,2
交叉步,2
돈,2
明细,2
省钱,2
刨,2
难以想象,2
海外,2
戈壁,2
XY,2
第四个,2
没买够,2
今朝,2
外给,2
gi,2
家庭,2
来源于,2
hilarious,2
离奇,2
正文,2
特定,2
街區,2
个人行为,2
spazzatura,2
引力,2
铁神,2
特细,2
spoets,2
归于,2
权限,2
控卫无球,2
加高,2
途径,2
扫得,2
legend,2
Y,2
打入,2
配音,2
live5mins,2
分而,2
换衣服,2
对着干,2
第二周,2
还进,2
后果,2
基本一致,2
Such,2
安德鲁,2
PgDn,2
整体性,2
满街,2
纷纷,2
标,2
啥子,2
144fps,2
胜率,2
专一,2
propriet,2
ss,2
掏球,2
BTW,2
擦过去,2
挺快,2
想玩线,2
urgently,2
188,2
发表,2
存储,2
parameters,2
블,2
gerung,2
分歧,2
蒂奇,2
投篮得分,2
排位赛,2
值钱,2
再用,2
挨虐,2
颁奖仪式,2
1.98,2
小喽啰,2
尤为,2
胚胎,2
首脑,2
不含糊,2
避重就轻,2
pe,2
음,2
试了试,2
日本,2
投就进,2
头头,2
诚实,2
目录,2
村庄,2
几篇,2
余,2
独显会,2
干儿子,2
╰,2
老穿,2
奥拉朱旺,2
爹充,2
顶开,2
连雷,2
综合征,2
冷色调,2
美利坚合众国,2
斯布鲁克,2
横屏,2
这球排,2
三点,2
这代比,2
完场,2
严防,2
更无语,2
挖掘,2
人体,2
隐蔽,2
抢到,2
blockiert,2
小盆友,2
流失,2
一个名,2
第二遍,2
骗人,2
BGM,2
装上去,2
灾难,2
相互,2
抠门,2
入网,2
Redick,2
無,2
警戒,2
regret,2
代为,2
加时赛,2
WWE,2
手热,2
别封,2
削成,2
LBJ98,2
强进,2
潜在,2
gf,2
太出,2
路仅,2
highly,2
拉个,2
卖烧饼,2
有主,2
天低,2
高贵,2
下像,2
劳动成果,2
代多,2
来刷,2
卡牌,2
四十八岁,2
agent,2
piracy,2
小东西,2
palyed,2
初心,2
逊色,2
果不其然,2
young,2
暴露,2
吸过来,2
store,2
妹妹,2
运动型,2
下线,2
MLB,2
So,2
感慨,2
连不进,2
高出,2
Chine,2
爬出来,2
ュ,2
结交,2
自动检测,2
barbershop,2
文,2
缩,2
练到,2
annoying,2
咳咳,2
牺牲,2
关键时刻,2
蓝不进,2
光顾,2
这货会,2
Risultati,2
最可气,2
recommend,2
障碍,2
Cina,2
来得,2
台词,2
上年,2
没装过,2
设计者,2
坐下,2
출,2
即可,2
本次,2
值得称赞,2
推时,2
Mia,2
代币,2
大半天,2
运动员,2
几支,2
连夜,2
71,2
高质量,2
心理准备,2
重来,2
队真,2
莫里斯,2
过瘾,2
肢体,2
性质,2
有木有,2
DuangDuang,2
糟,2
那条,2
点玩,2
不會,2
菊花,2
Paid,2
不背,2
詰,2
空防,2
有国行,2
NABLIVE,2
不予置评,2
弱不禁风,2
标明,2
feng,2
强成,2
全美,2
能断,2
捉鸡,2
900h,2
下马威,2
山东,2
人气,2
玩小个,2
单说,2
回报,2
艾佛森,2
人民,2
能能,2
地图设计,2
大变样,2
压根,2
句,2
连年,2
卡爆,2
對面,2
拉文,2
甚远,2
加塞,2
时间段,2
凑卡,2
看片,2
识别率,2
玩崩,2
支撑,2
吊袜带,2
碰上,2
特约,2
缺成,2
良多,2
没护球,2
小意思,2
99.1,2
sadly,2
没充,2
顾问,2
饼,2
江西,2
歉意,2
扑克,2
一二,2
队服,2
464,2
预料之中,2
裸連,2
Hat,2
姨妈,2
真假,2
抢钱,2
瘤子,2
稍显,2
一完,2
拋投,2
打水,2
上能,2
最惨,2
道德,2
烦到,2
我以,2
吞不提,2
中肯,2
expensive,2
面补用,2
atak,2
换代,2
SX,2
大帽,2
shit,2
7W,2
有助于,2
熄,2
企业,2
短短,2
热度,2
母猪,2
雇人刷,2
大猩猩,2
花着,2
一门心思,2
Esc,2
微篇,2
释放,2
背心,2
起來,2
抓球,2
筹码,2
經到,2
实验,2
ら,2
见缝插针,2
脚踢,2
霍福德,2
伤不起,2
debutto,2
put,2
砸碎,2
饶,2
合肥,2
湖人队,2
某款,2
准确率,2
应付,2
可好,2
XXXX,2
For,2
一空,2
ˉ,2
活灵活现,2
国家有关,2
暴虐,2
卖钱,2
空运,2
完整性,2
认路,2
Posti,2
星际争霸,2
一分钱,2
不太会,2
外地,2
人機,2
圈切,2
logo,2
还选,2
总得,2
ANYMORE,2
宇宙,2
刀架,2
装机,2
微不足道,2
50hours,2
互换,2
说到底,2
一个零,2
x,2
然鹅,2
疑似,2
全体人员,2
心跳,2
RNMLGB2K,2
吊样,2
原装,2
cnnn,2
太伤,2
不在意,2
慢如狗,2
抢走了,2
录音棚,2
把场,2
换点,2
惊呆,2
连灰熊,2
撼动,2
后花,2
Veloce,2
當時,2
fu,2
첫,2
按理说,2
会掉,2
罚卡,2
怀恋,2
泰伦卢,2
捡了芝麻,2
点子,2
宠物猪,2
😬,2
无赖,2
B3,2
糟蹋,2
往上,2
珍惜,2
卡主位,2
太妙,2
困扰,2
gezwungen,2
暂且,2
大旗,2
...................................,2
跳跃,2
二号,2
令人窒息,2
美化,2
stwo,2
融于,2
忧,2
自由市场,2
八百万,2
举,2
拨,2
以挡,2
过失,2
raz,2
8.9,2
恋,2
迪奥,2
挨家挨户,2
expected,2
耐性,2
︵,2
无穷无尽,2
拔,2
会铁,2
要成,2
再来,2
3g,2
几步,2
Melo,2
一点半点,2
GT,2
par,2
节点,2
decine,2
半英半中,2
值不值,2
抢上,2
Cimice,2
茶,2
要价,2
构图,2
派来,2
季,2
报,2
搞搞,2
完脸,2
会儿,2
长期,2
说烂,2
Suggesstions,2
彼女,2
会笑,2
侧后方,2
SUCKS,2
漆黑,2
导演,2
适得其反,2
松懈,2
公网,2
那段,2
affald2k18,2
举报,2
即使如此,2
绿光,2
2k7,2
动静,2
先吐槽,2
一向,2
试看,2
主力阵容,2
eigenschaften,2
Enfrente,2
伤疤,2
每进,2
live03,2
短期,2
蓝屏,2
时限,2
出入口,2
低效,2
许久,2
明显提高,2
不大渣,2
类别,2
鼓,2
跑车,2
齐整,2
200RMB,2
sao,2
无双,2
詹黑,2
下肢,2
战全,2
问到,2
不玩滚,2
瞎吹,2
SHE,2
狠话,2
不折不扣,2
FMVP,2
超低,2
奋战,2
高层,2
喝醉,2
撕开,2
D17,2
격,2
排掉,2
还顿,2
好几百,2
小時,2
dizaines,2
传票,2
英语水平,2
看不清,2
前作头,2
要花费,2
服用,2
交代,2
局限于,2
第十代,2
稳赢,2
以有,2
过休,2
我传,2
joue,2
au,2
生突,2
个虫,2
不顺,2
轰轰,2
女泪,2
青梅竹马,2
某二逼,2
调出,2
主演,2
24s,2
缓解,2
精了,2
能场,2
Towns,2
桩,2
持平,2
大中华,2
博,2
早晚都会,2
描绘,2
刷评,2
亲近感,2
人齐,2
半信半疑,2
imi,2
sphere,2
入证,2
节打,2
七百,2
发威,2
贡献,2
时能,2
同轨,2
福布斯,2
巴拉巴,2
脸区,2
商家,2
翻身仗,2
网会,2
锦上添花,2
退到,2
cravatta,2
快上车,2
建号,2
FROM,2
构建,2
护肝,2
op,2
混战,2
救,2
胆量,2
十多年,2
铁成,2
鹧鸪,2
Cosi,2
配有,2
拉平,2
活神仙,2
拦下,2
精选,2
角落里,2
130,2
登顶,2
同感,2
要切,2
wtf,2
blue,2
洒,2
这代过,2
2.03,2
口舌,2
存,2
我大前,2
965m,2
江郎才尽,2
档有,2
拆顺下,2
徘徊,2
马桶盖,2
2028,2
几百万,2
越难升,2
很糙,2
硬着头皮,2
脚垫,2
用到,2
所剩无几,2
仅限,2
活得,2
弹框,2
改差,2
nome,2
受苦,2
条升满,2
扫地,2
公道话,2
色,2
ck,2
缺點,2
黑篮,2
太长太,2
我俗,2
生活费,2
我买件,2
条找,2
开全,2
独特,2
sottomano,2
一支,2
说国服,2
rifiuti,2
用断,2
不扣,2
理光头,2
持币观望,2
得分王,2
玩全,2
传递,2
功能性,2
wow,2
钱花,2
二十万,2
九铁,2
摩擦,2
毕加索,2
那球,2
迷之掉,2
kochanie,2
跨步,2
批,2
或多或少,2
最牛,2
没完没了,2
输在,2
laozi,2
首评,2
pr,2
后见,2
我升,2
这辣鸡,2
难度很大,2
溜底,2
网络游戏,2
锯齿,2
畅玩,2
起初,2
屁眼,2
17MT,2
传输,2
响,2
画面质量,2
复数,2
五六次,2
马布里,2
骑个,2
世界观,2
零食,2
景深,2
狗血淋头,2
tmb,2
凑乎,2
西瓜皮,2
弄得好,2
雄鹰,2
稍作,2
建过,2
vaffanculo,2
搭讪,2
扛不住,2
包装,2
手贱,2
660Ti,2
FRESH,2
可耻,2
正有,2
用心良苦,2
扔下,2
这代挡,2
裸连全,2
三项,2
i3,2
执念,2
16g,2
球手,2
遗留,2
全特,2
会配,2
无望,2
很腻,2
measure,2
标的,2
大打,2
次罚,2
付之东流,2
描写,2
二等,2
丢包,2
text,2
真有,2
主体,2
某一,2
妈蛋,2
坑妈,2
1vs1,2
点时,2
割草,2
elite,2
抛,2
相比之下,2
快速通道,2
匮乏,2
Anthony,2
队威少,2
完球,2
ese,2
慢下来,2
Asian,2
我受,2
Dare,2
街霸,2
相当严重,2
养成类,2
调高后,2
小儿麻痹,2
想太多,2
它会,2
hei,2
米外,2
feels,2
就举,2
讓然,2
排,2
MA,2
健身器材,2
属实,2
碰球,2
涨点,2
压,2
不切实际,2
暗示,2
变绿,2
双枪,2
注销,2
喔,2
ivring,2
划水,2
很多年,2
到极点,2
轰出,2
画风,2
servicer,2
一万左右,2
热心,2
2b,2
r5,2
stronie,2
越卡,2
吃不消,2
扔出去,2
行者,2
敬业,2
回收,2
每一款,2
reviewPlay,2
投小,2
此生,2
十几倍,2
初看,2
23333,2
前球,2
給差评,2
棒球,2
安安静静,2
苏州,2
海沃德见,2
部位,2
high,2
射篮,2
滑过,2
说禁,2
简单明了,2
GTX970m,2
duangduangduang,2
没球,2
winWorst,2
城市地图,2
牛皮,2
로,2
bzdury,2
自动关机,2
250,2
阵地,2
proyecci,2
给人以,2
potatoes,2
鼓吹,2
重进,2
漏,2
复制,2
开除,2
一发,2
2KNBA,2
總體,2
咖啡,2
点位,2
propiedades,2
人写,2
基本操作,2
透支,2
点慢,2
水,2
得切,2
百分之几,2
小将,2
对绿军,2
主人,2
多元化,2
描述性,2
laufen,2
对球,2
低时,2
字母,2
上玩过,2
28,2
几台,2
引,2
生表,2
值算,2
改好,2
妈点,2
ź,2
WerFen,2
还丝滑,2
virkelig,2
磨人,2
不爭氣,2
带点,2
高冷,2
赛能,2
促使,2
本末倒置,2
用点,2
friends,2
落入,2
赞个,2
很帅,2
1.99,2
挺烦,2
不连,2
补完,2
辅助,2
Career,2
后进,2
飞快,2
大笑,2
八字脚,2
suspect,2
毒奶粉,2
像素,2
定位,2
选好,2
一本,2
买账,2
霹雳,2
有何,2
GTX1070,2
越烂,2
选货,2
打拼,2
涨起来,2
多支,2
满地,2
毒瘤,2
耍大牌,2
好几圈,2
三局,2
整条,2
明显改善,2
优缺点,2
全给,2
特性,2
蠢如狗,2
Karl,2
亲妈,2
老梗,2
那选,2
中立,2
贴个,2
过球,2
百把,2
增长,2
多烂,2
凑齐,2
史密斯,2
拉文用,2
嘴型,2
整部,2
平民,2
投加,2
肛,2
括弧,2
nienie,2
掀起,2
숏,2
经典之作,2
巴子,2
锅球哥,2
开车,2
别闹,2
灌篮高手,2
粮,2
晃人难,2
산,2
madre,2
五毛钱,2
IOS,2
玩鸡儿,2
多减,2
sospetto,2
起点,2
更有意义,2
食物,2
再建,2
﹏,2
连自建,2
WITH,2
操作失误,2
Schifo,2
率高,2
第二点,2
单手,2
不争气,2
huge,2
一人能,2
拨动,2
大相径庭,2
领到,2
大退,2
四川,2
发给,2
500VC,2
发展趋势,2
SE,2
混子,2
下落,2
卡布奇诺,2
FC,2
人来人往,2
凡事,2
赶过来,2
开心起来,2
奇准,2
沒法線,2
下手,2
强扣,2
维,2
放松,2
怨天尤人,2
作鸟兽散,2
艾泽拉斯,2
卫架,2
CAREER,2
确,2
attacks,2
两张,2
他求,2
赛艇,2
Nicht,2
训练赛,2
록,2
ROAD,2
陶醉,2
打乱,2
addition,2
圣诞节,2
挣得,2
分手,2
失衡,2
破路,2
营养不良,2
gaz,2
代谢,2
见怪不怪,2
专员,2
能裸连,2
祯,2
一年级,2
恍若,2
崽种,2
demo,2
照顾,2
半分钟,2
双路,2
拥挤,2
不錯,2
开独显,2
del,2
换回来,2
早期,2
我运个,2
难为,2
球传,2
没完,2
更气,2
升级成,2
咯里,2
记忆,2
大卡,2
篮能,2
摆弄,2
GO,2
踉踉跄跄,2
弄出来,2
无法控制,2
OvO,2
pick,2
校园,2
上次,2
自由自在,2
难免会,2
数一数二,2
順暢,2
crazy,2
Even,2
最想,2
下卡顿,2
蠢如猪,2
人数,2
冲篮,2
大汉,2
注目礼,2
米罗,2
作挡,2
打遍天下,2
wasted,2
半途而,2
吸人,2
奥瘦,2
我裸联,2
告辞,2
challenging,2
RACIST,2
点有,2
玩人,2
进攻型,2
伸,2
强势,2
几秒钟,2
挪动,2
扩张,2
滋味,2
追平,2
五折,2
并不大,2
好几米,2
2min,2
掏腰包,2
从出,2
后娘,2
酷爱,2
绝得,2
人活,2
饭碗,2
假期,2
2004,2
打不动,2
喜不喜欢,2
luli5,2
雇,2
冷冷的,2
趋近,2
lajilajilajilajilaji,2
truth,2
责任心,2
Palla,2
中人,2
逼脸,2
评下,2
6000VC,2
木纳,2
鉴定,2
宽,2
单单,2
＄,2
着数,2
人选,2
刷子,2
这比样,2
老杨,2
一背,2
一想,2
预想,2
假装,2
送走,2
一个半,2
准确性,2
耐,2
Steame,2
骚飞,2
￣,2
직,2
偷掉,2
光环,2
bandejas,2
爽虐,2
洛佩斯,2
Que,2
不论怎么,2
复活,2
副标题,2
遭遇,2
尼尔,2
较远,2
老版,2
人和球,2
SHOW,2
TMB,2
局限,2
顺滑,2
先进,2
全去,2
NICE,2
难防,2
廢,2
calls,2
名叫,2
诈骗,2
停运,2
挥臂,2
服安,2
連接,2
S4,2
何种,2
魔性,2
轻轻松松,2
开关门,2
手模,2
前边,2
着手,2
农惜,2
难到,2
几段,2
rnmb,2
前作会,2
专精,2
lol,2
真玩,2
打着,2
hh,2
인,2
两秒,2
xian,2
投不进求,2
过期,2
来算,2
TEN,2
蛋去,2
上天入地,2
转投,2
抽出,2
只长,2
费城,2
BUY,2
组建,2
高个子,2
称呼,2
方向键,2
order,2
急眼,2
succeed,2
条变,2
侧面,2
极端,2
文字,2
最辣鸡,2
感有,2
单凭,2
洗地,2
记错,2
这代是,2
盖个,2
Park,2
热闹,2
脸来,2
aller,2
虐人,2
有大点,2
投投,2
喜忧参半,2
asddsasdasdadsasdadasdsaasddsadasdasdasdsadsa,2
腆,2
座,2
局太,2
制作商,2
黑魂,2
传不到,2
200mb,2
赚取,2
完登,2
NEEDS,2
不烂,2
扬再,2
充钱拉满,2
私,2
太独,2
不太懂,2
全重,2
수,2
跟上来,2
阿狗,2
紫卡,2
心存,2
一股脑,2
神话,2
没删,2
打残,2
利索,2
長,2
差去,2
通路,2
开投条,2
五月份,2
高三,2
全低,2
李做,2
太烦,2
犯傻,2
人盖,2
消耗,2
烦躁,2
续约,2
争点,2
同时在线,2
更具,2
再三,2
用气,2
能升,2
遥遥无期,2
纸筒,2
bloques,2
甜到,2
感想,2
玩分位,2
没发,2
失手,2
圣雄,2
略晚,2
感同身受,2
数千,2
konstruktion,2
卡一毛,2
改没改,2
理想,2
toshiba,2
粗略,2
耳光,2
骄傲,2
菜到,2
这人,2
sweetie,2
玩毛,2
SERVER,2
stunden,2
节目,2
中文字幕,2
助攻王,2
万万,2
毫无关系,2
时放,2
zhjeme,2
素材,2
sec,2
加粗,2
东补西凑,2
能手,2
30fps,2
exceed,2
生意兴隆,2
高昂,2
防到,2
Jordan,2
pro,2
这会,2
大骂,2
追上来,2
乐园,2
全力,2
躲猫猫,2
太弱,2
多多,2
vacante,2
炸裂,2
条差,2
cierra,2
钱别,2
nmlgb,2
卡通化,2
漏人算,2
出声,2
WCBA,2
网线,2
强硬,2
走时,2
拆人,2
회,2
膨胀起来,2
至上,2
美妙,2
没理,2
我秀,2
人太早,2
xone,2
动刀,2
给拉文,2
透明人,2
监控,2
英语,2
没前,2
软,2
塑料,2
黑龙江,2
懒成,2
分射,2
500EVO,2
side,2
几位,2
我省,2
看腻,2
无异,2
老头,2
南斯,2
喜好,2
3D,2
派对,2
看齊,2
一比五,2
羡慕,2
接不稳,2
不为,2
将会,2
遮,2
战,2
踏马野,2
单核,2
acc,2
blocked,2
扣籃,2
这钱花,2
podejrzewam,2
蓝下空,2
干掉,2
yy,2
鸡入,2
夸赞,2
先前,2
厦门,2
斯坦,2
przej,2
快捷键,2
顺手,2
127KG,2
带宽,2
projekcja,2
需畅,2
吞卡,2
Ok,2
节制,2
五小时,2
稳打稳扎,2
880m,2
投党,2
zum,2
ProAM,2
滑个,2
zhenshi,2
foot,2
归来,2
致富,2
目送,2
了點,2
2K17S,2
慢腾腾,2
wnmb,2
条狗,2
原队,2
200M,2
桥段,2
补个,2
问一问,2
常备,2
晒,2
双臂,2
胸闷,2
阿姨,2
人裸连,2
腰,2
18FPS,2
頭,2
seconde,2
caonima,2
取代,2
正经八百,2
最慢,2
时而,2
挺蛋,2
游戏迷,2
再度,2
何年何月,2
这块,2
没问,2
otwarte,2
懵懵懂懂,2
极长,2
以防,2
多好,2
蓝是,2
下辈子,2
人丑,2
偏远,2
比脸,2
results,2
吐糟,2
四圈,2
Senza,2
渡劫,2
速,2
两三,2
longtemps,2
On,2
内死妈,2
PLEASE,2
怀着,2
按不出,2
劳烦,2
L,2
原封不动,2
比样,2
没补到,2
转圈,2
自豪,2
保重,2
2V2,2
褒贬不一,2
心伤,2
重量,2
Pls,2
三百多,2
马丹,2
这代连,2
货射,2
36,2
拆以,2
预购版,2
Ｖ,2
老死,2
小个,2
自由性,2
黑卡,2
站住,2
发了,2
珊,2
竹竿,2
携手,2
起到,2
三轮车,2
pocas,2
差評,2
RT,2
用试,2
消遣,2
一个包,2
意料之外,2
沒對面,2
õ,2
能玩到,2
没关,2
我学,2
鱼,2
老鸟,2
妈批,2
没拿到,2
cpu,2
嘈,2
回城,2
20h,2
dao,2
强加,2
身分不明,2
简陋,2
zhazha,2
dinero,2
人白,2
各类,2
赛亚人,2
南,2
친,2
拍卖场,2
跑跑,2
结语,2
懷疑,2
作比,2
850m,2
busy,2
再练,2
patron,2
上篮得分,2
之难,2
跟们,2
良性,2
些小,2
教教,2
灰熊队,2
明显增强,2
会到,2
看在眼里,2
暴雨,2
搞不清楚,2
忙不过来,2
奇,2
Almond,2
內核,2
每天晚上,2
姓氏,2
灌越,2
到线,2
还会犯,2
快太多,2
named,2
白富,2
差值,2
迎娶,2
BT,2
触碰,2
别赖,2
GF1080Ti,2
JJ,2
FM,2
狠心,2
运来,2
设计部,2
這倆,2
tak,2
致命伤,2
原班人马,2
适配,2
门罗,2
脸嘛,2
sekunden,2
换队,2
差强人意,2
想出,2
06,2
吃饱,2
村队,2
眼拙,2
没网,2
续费,2
马某,2
越玩,2
拉不出,2
一点儿,2
你入,2
踏踏实实,2
杰夫,2
浆糊,2
mageji,2
오,2
想往,2
卡会,2
md,2
一步步,2
碧池,2
p4,2
屋企,2
characters,2
跑断腿,2
顶飞,2
站上,2
freezes,2
陆续,2
自甘,2
侧边,2
讓,2
esti,2
DNP,2
gold,2
vvd,2
跑不了,2
グ,2
很卡顿,2
无数场,2
妖怪,2
改有,2
大致,2
挥霍,2
瞧不起,2
悬疑,2
3.2,2
Ronnie2K,2
Stuff,2
碰掉,2
数十,2
平,2
Off,2
扫不上,2
变回,2
那麼爛,2
tired,2
凑,2
SG4,2
保持中立,2
头能,2
ム,2
鍛冶,2
刷不起,2
可玩度,2
会靠,2
clnn,2
问答,2
lange,2
有点烦,2
无助,2
个表,2
Kobe,2
Verschiedene,2
全在,2
抬,2
光效,2
造规,2
blocs,2
40FPS,2
350,2
每到,2
坑怕,2
补丑,2
要来,2
传进,2
罪受,2
加速卡,2
外切,2
抽会,2
关乎,2
再差,2
没典,2
饱,2
布,2
NBA2003,2
ゴ,2
填满,2
小聪明,2
按死长,2
Ducky9008,2
不鎖區,2
크,2
牌,2
😛,2
shape,2
offline,2
包厢,2
利文斯,2
球掉,2
省点,2
很假,2
多块,2
新开,2
establish,2
boss,2
豪华,2
Loss,2
几栋,2
如狗,2
CONNECTED,2
加一点,2
萨比,2
OLX,2
少搞,2
富贵,2
五头,2
出名,2
主观,2
多新,2
隐身术,2
海带,2
样式,2
导航页,2
违背,2
不知所措,2
建队,2
优良传统,2
i9,2
Direkt,2
nv,2
空子,2
打纯控,2
创造性,2
歪路,2
KLT,2
默认设置,2
funny,2
心力,2
打断,2
红茶,2
3W,2
错误码,2
乌,2
童鞋,2
就行,2
萌新入,2
price,2
970,2
能活,2
裸连会,2
最初,2
感到遗憾,2
gtx1060,2
真慢,2
值得一提,2
床上,2
gtx1050ti,2
僵直,2
一共,2
超出,2
等同于,2
锁住,2
良心发现,2
操作系统,2
条看,2
191cm,2
跳掉,2
加钱,2
mins,2
大陆架,2
一串,2
되,2
蝙蝠侠,2
翻身,2
罚不进,2
先看,2
拉屎,2
comfortable,2
学费,2
70M,2
temper,2
没传,2
Fick,2
美中不足,2
结尾,2
81,2
商,2
工匠,2
一线,2
没打,2
还输,2
doute,2
McRoberts,2
佩顿,2
gameplay,2
霸气,2
排行榜,2
太短,2
데,2
壳子,2
比较忙,2
感变,2
火爆,2
人不可貌,2
名,2
评压,2
靠拢,2
联过机,2
受得了,2
差品,2
版本升级,2
问候,2
停摆,2
段落,2
1600,2
玩爽,2
架上,2
jue,2
具备,2
大傻布,2
搞混,2
16GB,2
羞辱,2
一两分钟,2
想必,2
jiumeiwanguo,2
容错过,2
三十个,2
兩天,2
突成,2
dianxin,2
老媽,2
潜力股,2
换到,2
彰显,2
慰藉,2
犊子,2
打炸,2
pregame,2
步进,2
半死,2
两三米,2
冲点,2
指教,2
deserved,2
腻害,2
成品,2
牛皮糖,2
小毛病,2
地面,2
脸连进,2
行么,2
全本,2
新体验,2
场面,2
山药蛋,2
昂布力,2
美职篮,2
bankruptcy,2
借口,2
爸,2
投不里,2
年代,2
值要,2
好几页,2
林志颖,2
嫉妒,2
9.2,2
过渡,2
一人,2
点赞,2
排名,2
名不虚传,2
三十多,2
주,2
不合理性,2
中少,2
孤零零,2
中美,2
说太多,2
升级快,2
开到,2
基,2
来拉出,2
粗,2
chc,2
非常低,2
mmmmp,2
tienen,2
妖魔鬼怪,2
plyaer,2
片段,2
成问题,2
佳话,2
王座,2
灰熊,2
900VC,2
ofo,2
corre,2
一小块,2
899,2
體驗,2
位子,2
VS,2
球技,2
接待,2
众,2
关爱,2
托不动,2
999999999,2
破玩应,2
鬼影,2
镂空,2
由衷,2
投靠,2
图个,2
指南,2
没伤,2
爛,2
兼容,2
堪忧,2
法,2
未见,2
充不充,2
很水,2
18or,2
飞来飞去,2
然人,2
LIVE08,2
sparare,2
要往,2
calle,2
无名小卒,2
规范化,2
喝奶,2
成员,2
苦,2
切莫,2
荒废,2
顶成,2
严厉打击,2
roku,2
short,2
做呕,2
总监,2
掩饰,2
矛盾,2
稳定性,2
多管闲事,2
乱用,2
VC2K17,2
宣传部,2
窝囊,2
想靠,2
真是假,2
诸如此类,2
花花肠子,2
顶赞,2
copine,2
占位,2
要放,2
充钱风,2
心痛,2
十恶不赦,2
做派,2
庄神,2
常年,2
前天,2
跃起,2
般,2
看贴,2
形状,2
对网,2
气息,2
SHORTLY,2
极快,2
整晚,2
分全,2
szybko,2
比开,2
放进去,2
精妙,2
发送,2
缺人,2
华北,2
▽,2
啥样,2
好开心,2
途中,2
夢,2
加剧,2
必掉,2
张弛,2
屋及,2
轻按,2
闲,2
花真,2
好几十,2
倒好,2
cpui5,2
佛爷,2
只服,2
二手,2
开黑,2
高低,2
成天,2
权衡,2
想玩个,2
扑球,2
响起,2
有坏,2
出拳,2
深思熟虑,2
1300,2
吞档,2
地闪退,2
女主太,2
sucks,2
从入,2
技不如人,2
Name,2
给拉低,2
received,2
停留,2
ARE,2
就会,2
节间,2
球进,2
攻防,2
那好,2
鞋厂,2
出轨,2
两份,2
罗尼快,2
掃臉,2
全空,2
常理,2
补上去,2
opposite,2
強盜行,2
一棍子打死,2
紫原,2
tedious,2
facial,2
皮尔斯,2
有點,2
投不来,2
掏钱,2
我直,2
时闪退,2
太烦人,2
真腻害,2
助教,2
大碍,2
这代全,2
四十多个,2
够买,2
库比,2
微星,2
银河,2
条街,2
霍华德,2
打次,2
solo,2
新世界,2
扣分,2
会气,2
登峰造极,2
더,2
多变,2
1.96,2
没换区,2
Prima,2
MAKE,2
全身上下,2
上午,2
别弄,2
IMB,2
智,2
大戏,2
合格,2
波士顿,2
역,2
拍打,2
浏览,2
第二轮,2
察觉,2
别学,2
真替,2
组织后卫,2
从落,2
12G,2
更上,2
王超,2
令人遗憾,2
外网,2
女主是,2
大幅度降低,2
操场,2
一抢,2
封脸,2
作怪,2
케,2
单突,2
狠吐槽,2
步骤,2
打面,2
要纹,2
落位,2
上街区,2
盲从,2
咣当,2
한,2
时日,2
顶人强,2
就脑,2
上调,2
gm,2
白买,2
二流,2
多球,2
O,2
半分,2
customize,2
天引,2
Ball,2
这丑,2
LOK,2
给球,2
abxy,2
沉思,2
cav,2
couple,2
泛滥,2
逼级,2
hen,2
时辰,2
分线,2
歪歪,2
走错,2
能花,2
右键,2
这女,2
站稳,2
BAN,2
强力,2
4b538e50mmp,2
留,2
叫三过,2
多用,2
成都,2
罚个,2
能突,2
chinois,2
铜色,2
大帝,2
唾弃,2
十来个,2
巨大进步,2
咱能,2
松手,2
儿童,2
弯个,2
高素质,2
easier,2
装装样子,2
曹丹,2
红色,2
带头,2
扯淡,2
乱射,2
제,2
连球,2
佳作,2
超难,2
tm10,2
Curry,2
plays,2
火眼金睛,2
极少数,2
还原成,2
問題,2
尝尝鲜,2
日才,2
弱点,2
tiro,2
告知,2
機会,2
清心寡欲,2
面对面,2
得烂,2
水果汁,2
战队,2
espace,2
煞费苦心,2
백,2
James,2
忘不了,2
对外,2
这坑,2
欧洲人,2
号称,2
差别待遇,2
门面,2
场有,2
身体素质,2
丑关,2
台差,2
打服,2
吸铁石,2
阻挡,2
粉们,2
逼望,2
zheme,2
彩票,2
abuse,2
缠绵,2
retraso,2
kernel,2
进队,2
耗,2
不提,2
這,2
正品,2
根葱,2
妈突,2
不争,2
210,2
评刚,2
接下去,2
乌龟,2
评照,2
记不清,2
非肝非,2
之敌,2
最丑,2
祸害,2
acelerador,2
史无前例,2
苦工,2
变换,2
配不上,2
烂出,2
0.01,2
睡眠,2
猪脑子,2
™,2
公正,2
beta,2
试错,2
穿透,2
三步,2
锁定,2
婴儿,2
━,2
只发,2
VC5,2
り,2
奇快,2
El,2
牛比,2
近年,2
拖到,2
点会,2
七八个,2
长袖,2
动动脑,2
R,2
人上,2
狂热,2
打磨,2
百分之一,2
言辞,2
回馈,2
麻木,2
挤掉,2
搞不清,2
去防,2
右击,2
orangejuice,2
attributs,2
dass,2
伤完,2
quotient,2
douyu,2
物种,2
邋遢,2
正玩,2
丑成,2
TwoK,2
顿时,2
1000MC,2
恩惠,2
投输,2
性好,2
必需,2
Yao,2
위,2
走空,2
耗时,2
张卫平,2
老奶奶,2
cnm2kMC,2
端算,2
无从,2
按带,2
聊聊,2
Next,2
控卫突,2
走廊,2
5th,2
强如,2
9.20,2
比比皆是,2
越到,2
纯扣,2
投爆,2
开开心,2
NBA2K19,2
非绿条,2
三体,2
干不动,2
电脑软件,2
一代人,2
凯文,2
两台,2
省事,2
卡尔马,2
攻击,2
咚咚,2
抱住,2
稳时,2
丑货,2
老面孔,2
1718,2
丑陋,2
困死,2
纠正,2
非人类,2
argent,2
淦,2
专属,2
星期五,2
还烂,2
不能不,2
天真,2
不符,2
报销,2
58,2
02,2
不动运,2
过锁,2
setting,2
值才,2
没能,2
传染,2
前代好,2
ne,2
不假,2
全改,2
fa,2
泄愤,2
人手,2
太辣,2
代代相传,2
控,2
广播,2
不给你看,2
扣除,2
simo,2
Z,2
狂欢,2
一个点,2
老妹,2
弧线,2
玩街,2
ace,2
辨认,2
斜线,2
顶尖,2
audiances,2
冲刹,2
二百,2
还禁,2
分比,2
能造,2
六天,2
下坡路,2
NBA2k17,2
弱肉强食,2
EXPERIENCE,2
情景,2
州,2
雷杰,2
提问,2
眼耳口,2
机型,2
高等,2
瞎眼,2
自选,2
ugo,2
schmiedeeisen,2
涩,2
威慑,2
projektion,2
爹点,2
吃苦头,2
吃掉,2
多花,2
各调,2
自我,2
白金版,2
bezpo,2
单位,2
xia,2
程序员,2
video,2
单调,2
撞倒,2
算入,2
IT,2
字失,2
下滑,2
制作人员,2
ゲ,2
骑脸,2
非说,2
切进去,2
增添,2
air,2
1.00,2
火气,2
发疯,2
來,2
成独显,2
傻乎乎,2
装装,2
双运,2
school,2
大牌,2
名称,2
戏剧性,2
嘴上,2
充其量,2
云,2
递,2
dieux,2
dispointed,2
7700hq,2
查鬼,2
跳舞,2
几十分,2
刚充,2
吉祥物,2
既能,2
78,2
内逛,2
乐福,2
Tucker,2
难不成,2
pour,2
个面,2
档案,2
无法解释,2
先弄,2
Plus,2
找不着北,2
我信,2
说理,2
VCMC,2
kd,2
解放前,2
J,2
满是,2
directamente,2
钢,2
心酸,2
招手,2
锅贴,2
负担,2
xb1,2
扼杀,2
抽到,2
我算,2
求能,2
憎恶,2
友好度,2
露面,2
断联,2
Die,2
4790K,2
视若罔闻,2
刺青,2
Anyway,2
上古,2
目中无人,2
强突,2
何不,2
阔别,2
抵抗,2
汉字,2
不闻不问,2
多人刷,2
小改,2
裸连比,2
1w8,2
抵消,2
活,2
激动,2
发扬光大,2
搞懂,2
访谈,2
下上,2
塊,2
身在,2
做不来,2
困,2
真不少,2
欧迷,2
pierwszy,2
当宝,2
轮,2
能试,2
很酷,2
解析,2
你整,2
细腿,2
没品,2
早说,2
免不了,2
Gold,2
老铁,2
东,2
上一年,2
原谅,2
看清,2
每种,2
却料,2
간,2
谁他妈,2
WILL,2
多赞,2
砸烂,2
NBA2K15,2
ebgame,2
席,2
Ｍ,2
此刻,2
bag,2
个步,2
终究,2
感都,2
kobe,2
贸易,2
抢银行,2
没门,2
亲儿子,2
一角,2
2Ksports,2
高大威猛,2
叽叽,2
专项,2
偶然,2
1W5,2
颠,2
Need,2
ะ,2
卡完,2
那一刻,2
小人物,2
szans,2
거,2
瘆,2
不单单是,2
在内,2
太踏马,2
冲满,2
靠着,2
我全,2
原力,2
爆表,2
不像话,2
沉浸,2
第七场,2
想不通,2
看一看,2
个项,2
charge,2
serratura,2
做下,2
唑,2
辽宁抚顺,2
逗比,2
劣势,2
NO,2
午后,2
臂长,2
为繁,2
更种,2
师怕,2
还长,2
道高一尺,2
韩,2
禮包,2
213,2
BEST,2
干蛋,2
options,2
阻止,2
人有,2
牛批,2
概括,2
替人,2
异议,2
拷来,2
境外,2
位防到,2
勾起,2
骑扣,2
不计其数,2
mvp,2
94,2
AAA,2
征兆,2
光猫,2
我输,2
没好,2
折,2
球商,2
幾十個,2
快赢了,2
摘,2
四肢,2
显而易见,2
脱手,2
找气,2
太多人,2
再空,2
鬼八婆,2
超大,2
四天,2
眼光,2
打气,2
大坑,2
订购,2
场边,2
牙痒痒,2
电脑城,2
一幅,2
拖累,2
脸强,2
上班族,2
92,2
球权,2
瓷器活,2
神兽,2
探看,2
superposition,2
疑惑,2
首發,2
Gli,2
返还,2
盘好,2
revelutionary,2
穷孩子,2
有连个,2
gradually,2
前变,2
遗传,2
必不中,2
Erste,2
充实,2
之路长,2
一生,2
下先,2
既视感,2
老年人,2
投出,2
夹杂,2
有点儿,2
送上,2
鸡血,2
去除,2
能无解,2
严酷,2
大纯,2
多会,2
吞錢,2
不进反退,2
杆秤,2
退回,2
tambi,2
detto,2
起头,2
很次,2
打跑位,2
Morris,2
surface,2
兼容性,2
打三,2
总吞钱,2
差能,2
刚到,2
andare,2
麦子,2
开放度,2
情感,2
中坚力量,2
5.30,2
ح,2
正经,2
疲劳,2
网好,2
wifi,2
插件,2
地入,2
开荒,2
暗色,2
细心,2
滑动,2
瑕,2
列举,2
一流,2
我断,2
围上去,2
笔账,2
裂缝,2
脸盆,2
场后,2
干点,2
甩掉,2
打住,2
中国电信,2
打通关,2
翻盘,2
133,2
一杯,2
投是,2
综合体,2
好找,2
bez,2
briques,2
摒弃,2
条理性,2
人到,2
库班,2
horas,2
退回去,2
亮色,2
交球,2
几十倍,2
幼稚园,2
累死累活,2
乞丐,2
illogical,2
copy,2
无可否认,2
流下来,2
打针,2
full,2
陪伴,2
GOOD,2
点开,2
不太高,2
人想,2
最恨,2
半透明,2
空间感,2
八步,2
法子,2
卡下,2
脏活,2
大起,2
共用,2
进好,2
眼巴巴,2
host,2
列出,2
坑壁,2
6800K,2
几波,2
象征性,2
全金,2
삭,2
湖密,2
拼搏,2
一声,2
挨个,2
重中之重,2
人物肖像,2
幸福,2
QNMLGB,2
外檐,2
聊个,2
这样一来,2
我弃,2
袜子,2
vacanti,2
包容性,2
shoes,2
萨米,2
进本,2
變成,2
Win,2
7.8,2
劣质,2
广受,2
我准,2
加回来,2
突如其来,2
金刚钻,2
你好,2
远超,2
法律,2
台阶,2
加盟,2
归类,2
夭寿,2
道听途说,2
internet,2
换算,2
gtx1070,2
增进,2
环节,2
遅,2
七天,2
sbeam,2
肥胖,2
dongxi,2
外出,2
upset,2
忠告,2
变大,2
不灵,2
明说,2
1K,2
巴嗦,2
却成,2
秒联,2
眼睁睁,2
那帮人,2
转移,2
半价,2
SO,2
生龙活虎,2
分级,2
PEOPLE,2
六十,2
youtube,2
之王,2
combo,2
标榜,2
反光,2
知,2
偏大,2
攻板,2
航海,2
quiero,2
比喻,2
缺失,2
种族,2
猛龙,2
台湾,2
面条,2
杰姆,2
整一下,2
球大,2
比国区,2
插手,2
position,2
打对战,2
数十次,2
modo,2
달,2
模了,2
gegen,2
补防到,2
sie,2
梦想,2
外套,2
没说的,2
坏档,2
评说,2
桃花源,2
800X600,2
豪华版,2
我充,2
纯属,2
PDD,2
喀麦隆,2
罗德曼,2
美服,2
chinesische,2
首饰,2
上前,2
搭边,2
Please,2
强背,2
伤停,2
bei,2
其间,2
FIXED,2
颜值,2
Volta,2
增幅,2
防得,2
刷法,2
下载速度,2
此后,2
外国人,2
报警,2
白白,2
十点,2
音话,2
着实,2
死慢,2
连小,2
Okay,2
感更强,2
eby,2
gry,2
炉石,2
所致,2
成型,2
搜到,2
自主,2
一步登天,2
action,2
abord,2
16gb,2
卧,2
告诫,2
小哥,2
蒙,2
一期,2
慢点,2
没道理,2
好评率,2
未能,2
gengxin,2
重玩,2
哥达,2
放快,2
手机游戏,2
摊手,2
转场,2
那入,2
dze,2
惊天大,2
AGAIN,2
变短,2
位分,2
38,2
na,2
不退,2
波款,2
黄蜂,2
改用,2
慈善,2
打钱,2
脖,2
ls,2
66665,2
三百块,2
兄,2
尤,2
很菜,2
得升,2
CONNOT,2
迁就,2
凭着,2
10w,2
32G,2
